,Unnamed: 0,0
2401,2401,"https://timesofindia.indiatimes.com/2008/1/1/archivelist/year-2008,month-1,starttime-42349.cms"
2402,2402,"https://timesofindia.indiatimes.com/2008/1/1/archivelist/year-2008,month-1,starttime-42350.cms"
2403,2403,"https://timesofindia.indiatimes.com/2008/1/1/archivelist/year-2008,month-1,starttime-42351.cms"
2404,2404,"https://timesofindia.indiatimes.com/2008/1/1/archivelist/year-2008,month-1,starttime-42352.cms"
2405,2405,"https://timesofindia.indiatimes.com/2008/1/1/archivelist/year-2008,month-1,starttime-42353.cms"
2406,2406,"https://timesofindia.indiatimes.com/2008/1/1/archivelist/year-2008,month-1,starttime-42354.cms"
2407,2407,"https://timesofindia.indiatimes.com/2008/1/1/archivelist/year-2008,month-1,starttime-42355.cms"
2408,2408,"https://timesofindia.indiatimes.com/2008/1/1/archivelist/year-2008,month-1,starttime-42356.cms"
2409,2409,"https://timesofindia.indiatimes.com/2008/1/1/archivelist/year-2008,month-1,starttime-42357.cms"
2410,2410,"https://timesofindia.indiatimes.com/2008/1/1/archivelist/year-2008,month-1,starttime-42358.cms"
2411,2411,"https://timesofindia.indiatimes.com/2008/1/1/archivelist/year-2008,month-1,starttime-42359.cms"
2412,2412,"https://timesofindia.indiatimes.com/2008/1/1/archivelist/year-2008,month-1,starttime-42360.cms"
2413,2413,"https://timesofindia.indiatimes.com/2008/1/1/archivelist/year-2008,month-1,starttime-42361.cms"
2414,2414,"https://timesofindia.indiatimes.com/2008/1/1/archivelist/year-2008,month-1,starttime-42362.cms"
2415,2415,"https://timesofindia.indiatimes.com/2008/1/1/archivelist/year-2008,month-1,starttime-42363.cms"
2416,2416,"https://timesofindia.indiatimes.com/2008/1/1/archivelist/year-2008,month-1,starttime-42364.cms"
2417,2417,"https://timesofindia.indiatimes.com/2008/1/1/archivelist/year-2008,month-1,starttime-42365.cms"
2418,2418,"https://timesofindia.indiatimes.com/2008/1/1/archivelist/year-2008,month-1,starttime-42366.cms"
2419,2419,"https://timesofindia.indiatimes.com/2008/1/1/archivelist/year-2008,month-1,starttime-42367.cms"
2420,2420,"https://timesofindia.indiatimes.com/2008/1/1/archivelist/year-2008,month-1,starttime-42368.cms"
2421,2421,"https://timesofindia.indiatimes.com/2008/1/1/archivelist/year-2008,month-1,starttime-42369.cms"
2422,2422,"https://timesofindia.indiatimes.com/2008/1/1/archivelist/year-2008,month-1,starttime-42370.cms"
2423,2423,"https://timesofindia.indiatimes.com/2008/1/1/archivelist/year-2008,month-1,starttime-42371.cms"
2424,2424,"https://timesofindia.indiatimes.com/2008/1/1/archivelist/year-2008,month-1,starttime-42372.cms"
2425,2425,"https://timesofindia.indiatimes.com/2008/1/1/archivelist/year-2008,month-1,starttime-42373.cms"
2426,2426,"https://timesofindia.indiatimes.com/2008/1/1/archivelist/year-2008,month-1,starttime-42374.cms"
2427,2427,"https://timesofindia.indiatimes.com/2008/1/1/archivelist/year-2008,month-1,starttime-42375.cms"
2428,2428,"https://timesofindia.indiatimes.com/2008/1/1/archivelist/year-2008,month-1,starttime-42376.cms"
2429,2429,"https://timesofindia.indiatimes.com/2008/1/1/archivelist/year-2008,month-1,starttime-42377.cms"
2430,2430,"https://timesofindia.indiatimes.com/2008/1/1/archivelist/year-2008,month-1,starttime-42378.cms"
2431,2431,"https://timesofindia.indiatimes.com/2008/1/1/archivelist/year-2008,month-1,starttime-42379.cms"
2432,2432,"https://timesofindia.indiatimes.com/2008/1/1/archivelist/year-2008,month-1,starttime-42380.cms"
2433,2433,"https://timesofindia.indiatimes.com/2008/1/1/archivelist/year-2008,month-1,starttime-42381.cms"
2434,2434,"https://timesofindia.indiatimes.com/2008/1/1/archivelist/year-2008,month-1,starttime-42382.cms"
2435,2435,"https://timesofindia.indiatimes.com/2008/1/1/archivelist/year-2008,month-1,starttime-42383.cms"
2436,2436,"https://timesofindia.indiatimes.com/2008/1/1/archivelist/year-2008,month-1,starttime-42384.cms"
2437,2437,"https://timesofindia.indiatimes.com/2008/1/1/archivelist/year-2008,month-1,starttime-42385.cms"
2438,2438,"https://timesofindia.indiatimes.com/2008/1/1/archivelist/year-2008,month-1,starttime-42386.cms"
2439,2439,"https://timesofindia.indiatimes.com/2008/1/1/archivelist/year-2008,month-1,starttime-42387.cms"
2440,2440,"https://timesofindia.indiatimes.com/2008/1/1/archivelist/year-2008,month-1,starttime-42388.cms"
2441,2441,"https://timesofindia.indiatimes.com/2008/1/1/archivelist/year-2008,month-1,starttime-42389.cms"
2442,2442,"https://timesofindia.indiatimes.com/2008/1/1/archivelist/year-2008,month-1,starttime-42390.cms"
2443,2443,"https://timesofindia.indiatimes.com/2008/1/1/archivelist/year-2008,month-1,starttime-42391.cms"
2444,2444,"https://timesofindia.indiatimes.com/2008/1/1/archivelist/year-2008,month-1,starttime-42392.cms"
2445,2445,"https://timesofindia.indiatimes.com/2008/1/1/archivelist/year-2008,month-1,starttime-42393.cms"
2446,2446,"https://timesofindia.indiatimes.com/2008/1/1/archivelist/year-2008,month-1,starttime-42394.cms"
2447,2447,"https://timesofindia.indiatimes.com/2008/1/1/archivelist/year-2008,month-1,starttime-42395.cms"
2448,2448,"https://timesofindia.indiatimes.com/2008/1/1/archivelist/year-2008,month-1,starttime-42396.cms"
2449,2449,"https://timesofindia.indiatimes.com/2008/1/1/archivelist/year-2008,month-1,starttime-42397.cms"
2450,2450,"https://timesofindia.indiatimes.com/2008/1/1/archivelist/year-2008,month-1,starttime-42398.cms"
2451,2451,"https://timesofindia.indiatimes.com/2008/1/1/archivelist/year-2008,month-1,starttime-42399.cms"
2452,2452,"https://timesofindia.indiatimes.com/2008/1/1/archivelist/year-2008,month-1,starttime-42400.cms"
2453,2453,"https://timesofindia.indiatimes.com/2008/1/1/archivelist/year-2008,month-1,starttime-42401.cms"
2454,2454,"https://timesofindia.indiatimes.com/2008/1/1/archivelist/year-2008,month-1,starttime-42402.cms"
2455,2455,"https://timesofindia.indiatimes.com/2008/1/1/archivelist/year-2008,month-1,starttime-42403.cms"
2456,2456,"https://timesofindia.indiatimes.com/2008/1/1/archivelist/year-2008,month-1,starttime-42404.cms"
2457,2457,"https://timesofindia.indiatimes.com/2008/1/1/archivelist/year-2008,month-1,starttime-42405.cms"
2458,2458,"https://timesofindia.indiatimes.com/2008/1/1/archivelist/year-2008,month-1,starttime-42406.cms"
2459,2459,"https://timesofindia.indiatimes.com/2008/1/1/archivelist/year-2008,month-1,starttime-42407.cms"
2460,2460,"https://timesofindia.indiatimes.com/2008/1/1/archivelist/year-2008,month-1,starttime-42408.cms"
2461,2461,"https://timesofindia.indiatimes.com/2008/1/1/archivelist/year-2008,month-1,starttime-42409.cms"
2462,2462,"https://timesofindia.indiatimes.com/2008/1/1/archivelist/year-2008,month-1,starttime-42410.cms"
2463,2463,"https://timesofindia.indiatimes.com/2008/1/1/archivelist/year-2008,month-1,starttime-42411.cms"
2464,2464,"https://timesofindia.indiatimes.com/2008/1/1/archivelist/year-2008,month-1,starttime-42412.cms"
2465,2465,"https://timesofindia.indiatimes.com/2008/1/1/archivelist/year-2008,month-1,starttime-42413.cms"
2466,2466,"https://timesofindia.indiatimes.com/2008/1/1/archivelist/year-2008,month-1,starttime-42414.cms"
2467,2467,"https://timesofindia.indiatimes.com/2008/1/1/archivelist/year-2008,month-1,starttime-42415.cms"
2468,2468,"https://timesofindia.indiatimes.com/2008/1/1/archivelist/year-2008,month-1,starttime-42416.cms"
2469,2469,"https://timesofindia.indiatimes.com/2008/1/1/archivelist/year-2008,month-1,starttime-42417.cms"
2470,2470,"https://timesofindia.indiatimes.com/2008/1/1/archivelist/year-2008,month-1,starttime-42418.cms"
2471,2471,"https://timesofindia.indiatimes.com/2008/1/1/archivelist/year-2008,month-1,starttime-42419.cms"
2472,2472,"https://timesofindia.indiatimes.com/2008/1/1/archivelist/year-2008,month-1,starttime-42420.cms"
2473,2473,"https://timesofindia.indiatimes.com/2008/1/1/archivelist/year-2008,month-1,starttime-42421.cms"
2474,2474,"https://timesofindia.indiatimes.com/2008/1/1/archivelist/year-2008,month-1,starttime-42422.cms"
2475,2475,"https://timesofindia.indiatimes.com/2008/1/1/archivelist/year-2008,month-1,starttime-42423.cms"
2476,2476,"https://timesofindia.indiatimes.com/2008/1/1/archivelist/year-2008,month-1,starttime-42424.cms"
2477,2477,"https://timesofindia.indiatimes.com/2008/1/1/archivelist/year-2008,month-1,starttime-42425.cms"
2478,2478,"https://timesofindia.indiatimes.com/2008/1/1/archivelist/year-2008,month-1,starttime-42426.cms"
2479,2479,"https://timesofindia.indiatimes.com/2008/1/1/archivelist/year-2008,month-1,starttime-42427.cms"
2480,2480,"https://timesofindia.indiatimes.com/2008/1/1/archivelist/year-2008,month-1,starttime-42428.cms"
2481,2481,"https://timesofindia.indiatimes.com/2008/1/1/archivelist/year-2008,month-1,starttime-42429.cms"
2482,2482,"https://timesofindia.indiatimes.com/2008/1/1/archivelist/year-2008,month-1,starttime-42430.cms"
2483,2483,"https://timesofindia.indiatimes.com/2008/1/1/archivelist/year-2008,month-1,starttime-42431.cms"
2484,2484,"https://timesofindia.indiatimes.com/2008/1/1/archivelist/year-2008,month-1,starttime-42432.cms"
2485,2485,"https://timesofindia.indiatimes.com/2008/1/1/archivelist/year-2008,month-1,starttime-42433.cms"
2486,2486,"https://timesofindia.indiatimes.com/2008/1/1/archivelist/year-2008,month-1,starttime-42434.cms"
2487,2487,"https://timesofindia.indiatimes.com/2008/1/1/archivelist/year-2008,month-1,starttime-42435.cms"
2488,2488,"https://timesofindia.indiatimes.com/2008/1/1/archivelist/year-2008,month-1,starttime-42436.cms"
2489,2489,"https://timesofindia.indiatimes.com/2008/1/1/archivelist/year-2008,month-1,starttime-42437.cms"
2490,2490,"https://timesofindia.indiatimes.com/2008/1/1/archivelist/year-2008,month-1,starttime-42438.cms"
2491,2491,"https://timesofindia.indiatimes.com/2008/1/1/archivelist/year-2008,month-1,starttime-42439.cms"
2492,2492,"https://timesofindia.indiatimes.com/2008/1/1/archivelist/year-2008,month-1,starttime-42440.cms"
2493,2493,"https://timesofindia.indiatimes.com/2008/1/1/archivelist/year-2008,month-1,starttime-42441.cms"
2494,2494,"https://timesofindia.indiatimes.com/2008/1/1/archivelist/year-2008,month-1,starttime-42442.cms"
2495,2495,"https://timesofindia.indiatimes.com/2008/1/1/archivelist/year-2008,month-1,starttime-42443.cms"
2496,2496,"https://timesofindia.indiatimes.com/2008/1/1/archivelist/year-2008,month-1,starttime-42444.cms"
2497,2497,"https://timesofindia.indiatimes.com/2008/1/1/archivelist/year-2008,month-1,starttime-42445.cms"
2498,2498,"https://timesofindia.indiatimes.com/2008/1/1/archivelist/year-2008,month-1,starttime-42446.cms"
2499,2499,"https://timesofindia.indiatimes.com/2008/1/1/archivelist/year-2008,month-1,starttime-42447.cms"
2500,2500,"https://timesofindia.indiatimes.com/2008/1/1/archivelist/year-2008,month-1,starttime-42448.cms"
2501,2501,"https://timesofindia.indiatimes.com/2008/1/1/archivelist/year-2008,month-1,starttime-42449.cms"
2502,2502,"https://timesofindia.indiatimes.com/2008/1/1/archivelist/year-2008,month-1,starttime-42450.cms"
2503,2503,"https://timesofindia.indiatimes.com/2008/1/1/archivelist/year-2008,month-1,starttime-42451.cms"
2504,2504,"https://timesofindia.indiatimes.com/2008/1/1/archivelist/year-2008,month-1,starttime-42452.cms"
2505,2505,"https://timesofindia.indiatimes.com/2008/1/1/archivelist/year-2008,month-1,starttime-42453.cms"
2506,2506,"https://timesofindia.indiatimes.com/2008/1/1/archivelist/year-2008,month-1,starttime-42454.cms"
2507,2507,"https://timesofindia.indiatimes.com/2008/1/1/archivelist/year-2008,month-1,starttime-42455.cms"
2508,2508,"https://timesofindia.indiatimes.com/2008/1/1/archivelist/year-2008,month-1,starttime-42456.cms"
2509,2509,"https://timesofindia.indiatimes.com/2008/1/1/archivelist/year-2008,month-1,starttime-42457.cms"
2510,2510,"https://timesofindia.indiatimes.com/2008/1/1/archivelist/year-2008,month-1,starttime-42458.cms"
2511,2511,"https://timesofindia.indiatimes.com/2008/1/1/archivelist/year-2008,month-1,starttime-42459.cms"
2512,2512,"https://timesofindia.indiatimes.com/2008/1/1/archivelist/year-2008,month-1,starttime-42460.cms"
2513,2513,"https://timesofindia.indiatimes.com/2008/1/1/archivelist/year-2008,month-1,starttime-42461.cms"
2514,2514,"https://timesofindia.indiatimes.com/2008/1/1/archivelist/year-2008,month-1,starttime-42462.cms"
2515,2515,"https://timesofindia.indiatimes.com/2008/1/1/archivelist/year-2008,month-1,starttime-42463.cms"
2516,2516,"https://timesofindia.indiatimes.com/2008/1/1/archivelist/year-2008,month-1,starttime-42464.cms"
2517,2517,"https://timesofindia.indiatimes.com/2008/1/1/archivelist/year-2008,month-1,starttime-42465.cms"
2518,2518,"https://timesofindia.indiatimes.com/2008/1/1/archivelist/year-2008,month-1,starttime-42466.cms"
2519,2519,"https://timesofindia.indiatimes.com/2008/1/1/archivelist/year-2008,month-1,starttime-42467.cms"
2520,2520,"https://timesofindia.indiatimes.com/2008/1/1/archivelist/year-2008,month-1,starttime-42468.cms"
2521,2521,"https://timesofindia.indiatimes.com/2008/1/1/archivelist/year-2008,month-1,starttime-42469.cms"
2522,2522,"https://timesofindia.indiatimes.com/2008/1/1/archivelist/year-2008,month-1,starttime-42470.cms"
2523,2523,"https://timesofindia.indiatimes.com/2008/1/1/archivelist/year-2008,month-1,starttime-42471.cms"
2524,2524,"https://timesofindia.indiatimes.com/2008/1/1/archivelist/year-2008,month-1,starttime-42472.cms"
2525,2525,"https://timesofindia.indiatimes.com/2008/1/1/archivelist/year-2008,month-1,starttime-42473.cms"
2526,2526,"https://timesofindia.indiatimes.com/2008/1/1/archivelist/year-2008,month-1,starttime-42474.cms"
2527,2527,"https://timesofindia.indiatimes.com/2008/1/1/archivelist/year-2008,month-1,starttime-42475.cms"
2528,2528,"https://timesofindia.indiatimes.com/2008/1/1/archivelist/year-2008,month-1,starttime-42476.cms"
2529,2529,"https://timesofindia.indiatimes.com/2008/1/1/archivelist/year-2008,month-1,starttime-42477.cms"
2530,2530,"https://timesofindia.indiatimes.com/2008/1/1/archivelist/year-2008,month-1,starttime-42478.cms"
2531,2531,"https://timesofindia.indiatimes.com/2008/1/1/archivelist/year-2008,month-1,starttime-42479.cms"
2532,2532,"https://timesofindia.indiatimes.com/2008/1/1/archivelist/year-2008,month-1,starttime-42480.cms"
2533,2533,"https://timesofindia.indiatimes.com/2008/1/1/archivelist/year-2008,month-1,starttime-42481.cms"
2534,2534,"https://timesofindia.indiatimes.com/2008/1/1/archivelist/year-2008,month-1,starttime-42482.cms"
2535,2535,"https://timesofindia.indiatimes.com/2008/1/1/archivelist/year-2008,month-1,starttime-42483.cms"
2536,2536,"https://timesofindia.indiatimes.com/2008/1/1/archivelist/year-2008,month-1,starttime-42484.cms"
2537,2537,"https://timesofindia.indiatimes.com/2008/1/1/archivelist/year-2008,month-1,starttime-42485.cms"
2538,2538,"https://timesofindia.indiatimes.com/2008/1/1/archivelist/year-2008,month-1,starttime-42486.cms"
2539,2539,"https://timesofindia.indiatimes.com/2008/1/1/archivelist/year-2008,month-1,starttime-42487.cms"
2540,2540,"https://timesofindia.indiatimes.com/2008/1/1/archivelist/year-2008,month-1,starttime-42488.cms"
2541,2541,"https://timesofindia.indiatimes.com/2008/1/1/archivelist/year-2008,month-1,starttime-42489.cms"
2542,2542,"https://timesofindia.indiatimes.com/2008/1/1/archivelist/year-2008,month-1,starttime-42490.cms"
2543,2543,"https://timesofindia.indiatimes.com/2008/1/1/archivelist/year-2008,month-1,starttime-42491.cms"
2544,2544,"https://timesofindia.indiatimes.com/2008/1/1/archivelist/year-2008,month-1,starttime-42492.cms"
2545,2545,"https://timesofindia.indiatimes.com/2008/1/1/archivelist/year-2008,month-1,starttime-42493.cms"
2546,2546,"https://timesofindia.indiatimes.com/2008/1/1/archivelist/year-2008,month-1,starttime-42494.cms"
2547,2547,"https://timesofindia.indiatimes.com/2008/1/1/archivelist/year-2008,month-1,starttime-42495.cms"
2548,2548,"https://timesofindia.indiatimes.com/2008/1/1/archivelist/year-2008,month-1,starttime-42496.cms"
2549,2549,"https://timesofindia.indiatimes.com/2008/1/1/archivelist/year-2008,month-1,starttime-42497.cms"
2550,2550,"https://timesofindia.indiatimes.com/2008/1/1/archivelist/year-2008,month-1,starttime-42498.cms"
2551,2551,"https://timesofindia.indiatimes.com/2008/1/1/archivelist/year-2008,month-1,starttime-42499.cms"
2552,2552,"https://timesofindia.indiatimes.com/2008/1/1/archivelist/year-2008,month-1,starttime-42500.cms"
2553,2553,"https://timesofindia.indiatimes.com/2008/1/1/archivelist/year-2008,month-1,starttime-42501.cms"
2554,2554,"https://timesofindia.indiatimes.com/2008/1/1/archivelist/year-2008,month-1,starttime-42502.cms"
2555,2555,"https://timesofindia.indiatimes.com/2008/1/1/archivelist/year-2008,month-1,starttime-42503.cms"
2556,2556,"https://timesofindia.indiatimes.com/2008/1/1/archivelist/year-2008,month-1,starttime-42504.cms"
2557,2557,"https://timesofindia.indiatimes.com/2008/1/1/archivelist/year-2008,month-1,starttime-42505.cms"
2558,2558,"https://timesofindia.indiatimes.com/2008/1/1/archivelist/year-2008,month-1,starttime-42506.cms"
2559,2559,"https://timesofindia.indiatimes.com/2008/1/1/archivelist/year-2008,month-1,starttime-42507.cms"
2560,2560,"https://timesofindia.indiatimes.com/2008/1/1/archivelist/year-2008,month-1,starttime-42508.cms"
2561,2561,"https://timesofindia.indiatimes.com/2008/1/1/archivelist/year-2008,month-1,starttime-42509.cms"
2562,2562,"https://timesofindia.indiatimes.com/2008/1/1/archivelist/year-2008,month-1,starttime-42510.cms"
2563,2563,"https://timesofindia.indiatimes.com/2008/1/1/archivelist/year-2008,month-1,starttime-42511.cms"
2564,2564,"https://timesofindia.indiatimes.com/2008/1/1/archivelist/year-2008,month-1,starttime-42512.cms"
2565,2565,"https://timesofindia.indiatimes.com/2008/1/1/archivelist/year-2008,month-1,starttime-42513.cms"
2566,2566,"https://timesofindia.indiatimes.com/2008/1/1/archivelist/year-2008,month-1,starttime-42514.cms"
2567,2567,"https://timesofindia.indiatimes.com/2008/1/1/archivelist/year-2008,month-1,starttime-42515.cms"
2568,2568,"https://timesofindia.indiatimes.com/2008/1/1/archivelist/year-2008,month-1,starttime-42516.cms"
2569,2569,"https://timesofindia.indiatimes.com/2008/1/1/archivelist/year-2008,month-1,starttime-42517.cms"
2570,2570,"https://timesofindia.indiatimes.com/2008/1/1/archivelist/year-2008,month-1,starttime-42518.cms"
2571,2571,"https://timesofindia.indiatimes.com/2008/1/1/archivelist/year-2008,month-1,starttime-42519.cms"
2572,2572,"https://timesofindia.indiatimes.com/2008/1/1/archivelist/year-2008,month-1,starttime-42520.cms"
2573,2573,"https://timesofindia.indiatimes.com/2008/1/1/archivelist/year-2008,month-1,starttime-42521.cms"
2574,2574,"https://timesofindia.indiatimes.com/2008/1/1/archivelist/year-2008,month-1,starttime-42522.cms"
2575,2575,"https://timesofindia.indiatimes.com/2008/1/1/archivelist/year-2008,month-1,starttime-42523.cms"
2576,2576,"https://timesofindia.indiatimes.com/2008/1/1/archivelist/year-2008,month-1,starttime-42524.cms"
2577,2577,"https://timesofindia.indiatimes.com/2008/1/1/archivelist/year-2008,month-1,starttime-42525.cms"
2578,2578,"https://timesofindia.indiatimes.com/2008/1/1/archivelist/year-2008,month-1,starttime-42526.cms"
2579,2579,"https://timesofindia.indiatimes.com/2008/1/1/archivelist/year-2008,month-1,starttime-42527.cms"
2580,2580,"https://timesofindia.indiatimes.com/2008/1/1/archivelist/year-2008,month-1,starttime-42528.cms"
2581,2581,"https://timesofindia.indiatimes.com/2008/1/1/archivelist/year-2008,month-1,starttime-42529.cms"
2582,2582,"https://timesofindia.indiatimes.com/2008/1/1/archivelist/year-2008,month-1,starttime-42530.cms"
2583,2583,"https://timesofindia.indiatimes.com/2008/1/1/archivelist/year-2008,month-1,starttime-42531.cms"
2584,2584,"https://timesofindia.indiatimes.com/2008/1/1/archivelist/year-2008,month-1,starttime-42532.cms"
2585,2585,"https://timesofindia.indiatimes.com/2008/1/1/archivelist/year-2008,month-1,starttime-42533.cms"
2586,2586,"https://timesofindia.indiatimes.com/2008/1/1/archivelist/year-2008,month-1,starttime-42534.cms"
2587,2587,"https://timesofindia.indiatimes.com/2008/1/1/archivelist/year-2008,month-1,starttime-42535.cms"
2588,2588,"https://timesofindia.indiatimes.com/2008/1/1/archivelist/year-2008,month-1,starttime-42536.cms"
2589,2589,"https://timesofindia.indiatimes.com/2008/1/1/archivelist/year-2008,month-1,starttime-42537.cms"
2590,2590,"https://timesofindia.indiatimes.com/2008/1/1/archivelist/year-2008,month-1,starttime-42538.cms"
2591,2591,"https://timesofindia.indiatimes.com/2008/1/1/archivelist/year-2008,month-1,starttime-42539.cms"
2592,2592,"https://timesofindia.indiatimes.com/2008/1/1/archivelist/year-2008,month-1,starttime-42540.cms"
2593,2593,"https://timesofindia.indiatimes.com/2008/1/1/archivelist/year-2008,month-1,starttime-42541.cms"
2594,2594,"https://timesofindia.indiatimes.com/2008/1/1/archivelist/year-2008,month-1,starttime-42542.cms"
2595,2595,"https://timesofindia.indiatimes.com/2008/1/1/archivelist/year-2008,month-1,starttime-42543.cms"
2596,2596,"https://timesofindia.indiatimes.com/2008/1/1/archivelist/year-2008,month-1,starttime-42544.cms"
2597,2597,"https://timesofindia.indiatimes.com/2008/1/1/archivelist/year-2008,month-1,starttime-42545.cms"
2598,2598,"https://timesofindia.indiatimes.com/2008/1/1/archivelist/year-2008,month-1,starttime-42546.cms"
2599,2599,"https://timesofindia.indiatimes.com/2008/1/1/archivelist/year-2008,month-1,starttime-42547.cms"
2600,2600,"https://timesofindia.indiatimes.com/2008/1/1/archivelist/year-2008,month-1,starttime-42548.cms"
2601,2601,"https://timesofindia.indiatimes.com/2008/1/1/archivelist/year-2008,month-1,starttime-42549.cms"
2602,2602,"https://timesofindia.indiatimes.com/2008/1/1/archivelist/year-2008,month-1,starttime-42550.cms"
2603,2603,"https://timesofindia.indiatimes.com/2008/1/1/archivelist/year-2008,month-1,starttime-42551.cms"
2604,2604,"https://timesofindia.indiatimes.com/2008/1/1/archivelist/year-2008,month-1,starttime-42552.cms"
2605,2605,"https://timesofindia.indiatimes.com/2008/1/1/archivelist/year-2008,month-1,starttime-42553.cms"
2606,2606,"https://timesofindia.indiatimes.com/2008/1/1/archivelist/year-2008,month-1,starttime-42554.cms"
2607,2607,"https://timesofindia.indiatimes.com/2008/1/1/archivelist/year-2008,month-1,starttime-42555.cms"
2608,2608,"https://timesofindia.indiatimes.com/2008/1/1/archivelist/year-2008,month-1,starttime-42556.cms"
2609,2609,"https://timesofindia.indiatimes.com/2008/1/1/archivelist/year-2008,month-1,starttime-42557.cms"
2610,2610,"https://timesofindia.indiatimes.com/2008/1/1/archivelist/year-2008,month-1,starttime-42558.cms"
2611,2611,"https://timesofindia.indiatimes.com/2008/1/1/archivelist/year-2008,month-1,starttime-42559.cms"
2612,2612,"https://timesofindia.indiatimes.com/2008/1/1/archivelist/year-2008,month-1,starttime-42560.cms"
2613,2613,"https://timesofindia.indiatimes.com/2008/1/1/archivelist/year-2008,month-1,starttime-42561.cms"
2614,2614,"https://timesofindia.indiatimes.com/2008/1/1/archivelist/year-2008,month-1,starttime-42562.cms"
2615,2615,"https://timesofindia.indiatimes.com/2008/1/1/archivelist/year-2008,month-1,starttime-42563.cms"
2616,2616,"https://timesofindia.indiatimes.com/2008/1/1/archivelist/year-2008,month-1,starttime-42564.cms"
2617,2617,"https://timesofindia.indiatimes.com/2008/1/1/archivelist/year-2008,month-1,starttime-42565.cms"
2618,2618,"https://timesofindia.indiatimes.com/2008/1/1/archivelist/year-2008,month-1,starttime-42566.cms"
2619,2619,"https://timesofindia.indiatimes.com/2008/1/1/archivelist/year-2008,month-1,starttime-42567.cms"
2620,2620,"https://timesofindia.indiatimes.com/2008/1/1/archivelist/year-2008,month-1,starttime-42568.cms"
2621,2621,"https://timesofindia.indiatimes.com/2008/1/1/archivelist/year-2008,month-1,starttime-42569.cms"
2622,2622,"https://timesofindia.indiatimes.com/2008/1/1/archivelist/year-2008,month-1,starttime-42570.cms"
2623,2623,"https://timesofindia.indiatimes.com/2008/1/1/archivelist/year-2008,month-1,starttime-42571.cms"
2624,2624,"https://timesofindia.indiatimes.com/2008/1/1/archivelist/year-2008,month-1,starttime-42572.cms"
2625,2625,"https://timesofindia.indiatimes.com/2008/1/1/archivelist/year-2008,month-1,starttime-42573.cms"
2626,2626,"https://timesofindia.indiatimes.com/2008/1/1/archivelist/year-2008,month-1,starttime-42574.cms"
2627,2627,"https://timesofindia.indiatimes.com/2008/1/1/archivelist/year-2008,month-1,starttime-42575.cms"
2628,2628,"https://timesofindia.indiatimes.com/2008/1/1/archivelist/year-2008,month-1,starttime-42576.cms"
2629,2629,"https://timesofindia.indiatimes.com/2008/1/1/archivelist/year-2008,month-1,starttime-42577.cms"
2630,2630,"https://timesofindia.indiatimes.com/2008/1/1/archivelist/year-2008,month-1,starttime-42578.cms"
2631,2631,"https://timesofindia.indiatimes.com/2008/1/1/archivelist/year-2008,month-1,starttime-42579.cms"
2632,2632,"https://timesofindia.indiatimes.com/2008/1/1/archivelist/year-2008,month-1,starttime-42580.cms"
2633,2633,"https://timesofindia.indiatimes.com/2008/1/1/archivelist/year-2008,month-1,starttime-42581.cms"
2634,2634,"https://timesofindia.indiatimes.com/2008/1/1/archivelist/year-2008,month-1,starttime-42582.cms"
2635,2635,"https://timesofindia.indiatimes.com/2008/1/1/archivelist/year-2008,month-1,starttime-42583.cms"
2636,2636,"https://timesofindia.indiatimes.com/2008/1/1/archivelist/year-2008,month-1,starttime-42584.cms"
2637,2637,"https://timesofindia.indiatimes.com/2008/1/1/archivelist/year-2008,month-1,starttime-42585.cms"
2638,2638,"https://timesofindia.indiatimes.com/2008/1/1/archivelist/year-2008,month-1,starttime-42586.cms"
2639,2639,"https://timesofindia.indiatimes.com/2008/1/1/archivelist/year-2008,month-1,starttime-42587.cms"
2640,2640,"https://timesofindia.indiatimes.com/2008/1/1/archivelist/year-2008,month-1,starttime-42588.cms"
2641,2641,"https://timesofindia.indiatimes.com/2008/1/1/archivelist/year-2008,month-1,starttime-42589.cms"
2642,2642,"https://timesofindia.indiatimes.com/2008/1/1/archivelist/year-2008,month-1,starttime-42590.cms"
2643,2643,"https://timesofindia.indiatimes.com/2008/1/1/archivelist/year-2008,month-1,starttime-42591.cms"
2644,2644,"https://timesofindia.indiatimes.com/2008/1/1/archivelist/year-2008,month-1,starttime-42592.cms"
2645,2645,"https://timesofindia.indiatimes.com/2008/1/1/archivelist/year-2008,month-1,starttime-42593.cms"
2646,2646,"https://timesofindia.indiatimes.com/2008/1/1/archivelist/year-2008,month-1,starttime-42594.cms"
2647,2647,"https://timesofindia.indiatimes.com/2008/1/1/archivelist/year-2008,month-1,starttime-42595.cms"
2648,2648,"https://timesofindia.indiatimes.com/2008/1/1/archivelist/year-2008,month-1,starttime-42596.cms"
2649,2649,"https://timesofindia.indiatimes.com/2008/1/1/archivelist/year-2008,month-1,starttime-42597.cms"
2650,2650,"https://timesofindia.indiatimes.com/2008/1/1/archivelist/year-2008,month-1,starttime-42598.cms"
2651,2651,"https://timesofindia.indiatimes.com/2008/1/1/archivelist/year-2008,month-1,starttime-42599.cms"
2652,2652,"https://timesofindia.indiatimes.com/2008/1/1/archivelist/year-2008,month-1,starttime-42600.cms"
2653,2653,"https://timesofindia.indiatimes.com/2008/1/1/archivelist/year-2008,month-1,starttime-42601.cms"
2654,2654,"https://timesofindia.indiatimes.com/2008/1/1/archivelist/year-2008,month-1,starttime-42602.cms"
2655,2655,"https://timesofindia.indiatimes.com/2008/1/1/archivelist/year-2008,month-1,starttime-42603.cms"
2656,2656,"https://timesofindia.indiatimes.com/2008/1/1/archivelist/year-2008,month-1,starttime-42604.cms"
2657,2657,"https://timesofindia.indiatimes.com/2008/1/1/archivelist/year-2008,month-1,starttime-42605.cms"
2658,2658,"https://timesofindia.indiatimes.com/2008/1/1/archivelist/year-2008,month-1,starttime-42606.cms"
2659,2659,"https://timesofindia.indiatimes.com/2008/1/1/archivelist/year-2008,month-1,starttime-42607.cms"
2660,2660,"https://timesofindia.indiatimes.com/2008/1/1/archivelist/year-2008,month-1,starttime-42608.cms"
2661,2661,"https://timesofindia.indiatimes.com/2008/1/1/archivelist/year-2008,month-1,starttime-42609.cms"
2662,2662,"https://timesofindia.indiatimes.com/2008/1/1/archivelist/year-2008,month-1,starttime-42610.cms"
2663,2663,"https://timesofindia.indiatimes.com/2008/1/1/archivelist/year-2008,month-1,starttime-42611.cms"
2664,2664,"https://timesofindia.indiatimes.com/2008/1/1/archivelist/year-2008,month-1,starttime-42612.cms"
2665,2665,"https://timesofindia.indiatimes.com/2008/1/1/archivelist/year-2008,month-1,starttime-42613.cms"
2666,2666,"https://timesofindia.indiatimes.com/2008/1/1/archivelist/year-2008,month-1,starttime-42614.cms"
2667,2667,"https://timesofindia.indiatimes.com/2008/1/1/archivelist/year-2008,month-1,starttime-42615.cms"
2668,2668,"https://timesofindia.indiatimes.com/2008/1/1/archivelist/year-2008,month-1,starttime-42616.cms"
2669,2669,"https://timesofindia.indiatimes.com/2008/1/1/archivelist/year-2008,month-1,starttime-42617.cms"
2670,2670,"https://timesofindia.indiatimes.com/2008/1/1/archivelist/year-2008,month-1,starttime-42618.cms"
2671,2671,"https://timesofindia.indiatimes.com/2008/1/1/archivelist/year-2008,month-1,starttime-42619.cms"
2672,2672,"https://timesofindia.indiatimes.com/2008/1/1/archivelist/year-2008,month-1,starttime-42620.cms"
2673,2673,"https://timesofindia.indiatimes.com/2008/1/1/archivelist/year-2008,month-1,starttime-42621.cms"
2674,2674,"https://timesofindia.indiatimes.com/2008/1/1/archivelist/year-2008,month-1,starttime-42622.cms"
2675,2675,"https://timesofindia.indiatimes.com/2008/1/1/archivelist/year-2008,month-1,starttime-42623.cms"
2676,2676,"https://timesofindia.indiatimes.com/2008/1/1/archivelist/year-2008,month-1,starttime-42624.cms"
2677,2677,"https://timesofindia.indiatimes.com/2008/1/1/archivelist/year-2008,month-1,starttime-42625.cms"
2678,2678,"https://timesofindia.indiatimes.com/2008/1/1/archivelist/year-2008,month-1,starttime-42626.cms"
2679,2679,"https://timesofindia.indiatimes.com/2008/1/1/archivelist/year-2008,month-1,starttime-42627.cms"
2680,2680,"https://timesofindia.indiatimes.com/2008/1/1/archivelist/year-2008,month-1,starttime-42628.cms"
2681,2681,"https://timesofindia.indiatimes.com/2008/1/1/archivelist/year-2008,month-1,starttime-42629.cms"
2682,2682,"https://timesofindia.indiatimes.com/2008/1/1/archivelist/year-2008,month-1,starttime-42630.cms"
2683,2683,"https://timesofindia.indiatimes.com/2008/1/1/archivelist/year-2008,month-1,starttime-42631.cms"
2684,2684,"https://timesofindia.indiatimes.com/2008/1/1/archivelist/year-2008,month-1,starttime-42632.cms"
2685,2685,"https://timesofindia.indiatimes.com/2008/1/1/archivelist/year-2008,month-1,starttime-42633.cms"
2686,2686,"https://timesofindia.indiatimes.com/2008/1/1/archivelist/year-2008,month-1,starttime-42634.cms"
2687,2687,"https://timesofindia.indiatimes.com/2008/1/1/archivelist/year-2008,month-1,starttime-42635.cms"
2688,2688,"https://timesofindia.indiatimes.com/2008/1/1/archivelist/year-2008,month-1,starttime-42636.cms"
2689,2689,"https://timesofindia.indiatimes.com/2008/1/1/archivelist/year-2008,month-1,starttime-42637.cms"
2690,2690,"https://timesofindia.indiatimes.com/2008/1/1/archivelist/year-2008,month-1,starttime-42638.cms"
2691,2691,"https://timesofindia.indiatimes.com/2008/1/1/archivelist/year-2008,month-1,starttime-42639.cms"
2692,2692,"https://timesofindia.indiatimes.com/2008/1/1/archivelist/year-2008,month-1,starttime-42640.cms"
2693,2693,"https://timesofindia.indiatimes.com/2008/1/1/archivelist/year-2008,month-1,starttime-42641.cms"
2694,2694,"https://timesofindia.indiatimes.com/2008/1/1/archivelist/year-2008,month-1,starttime-42642.cms"
2695,2695,"https://timesofindia.indiatimes.com/2008/1/1/archivelist/year-2008,month-1,starttime-42643.cms"
2696,2696,"https://timesofindia.indiatimes.com/2008/1/1/archivelist/year-2008,month-1,starttime-42644.cms"
2697,2697,"https://timesofindia.indiatimes.com/2008/1/1/archivelist/year-2008,month-1,starttime-42645.cms"
2698,2698,"https://timesofindia.indiatimes.com/2008/1/1/archivelist/year-2008,month-1,starttime-42646.cms"
2699,2699,"https://timesofindia.indiatimes.com/2008/1/1/archivelist/year-2008,month-1,starttime-42647.cms"
2700,2700,"https://timesofindia.indiatimes.com/2008/1/1/archivelist/year-2008,month-1,starttime-42648.cms"
2701,2701,"https://timesofindia.indiatimes.com/2008/1/1/archivelist/year-2008,month-1,starttime-42649.cms"
2702,2702,"https://timesofindia.indiatimes.com/2008/1/1/archivelist/year-2008,month-1,starttime-42650.cms"
2703,2703,"https://timesofindia.indiatimes.com/2008/1/1/archivelist/year-2008,month-1,starttime-42651.cms"
2704,2704,"https://timesofindia.indiatimes.com/2008/1/1/archivelist/year-2008,month-1,starttime-42652.cms"
2705,2705,"https://timesofindia.indiatimes.com/2008/1/1/archivelist/year-2008,month-1,starttime-42653.cms"
2706,2706,"https://timesofindia.indiatimes.com/2008/1/1/archivelist/year-2008,month-1,starttime-42654.cms"
2707,2707,"https://timesofindia.indiatimes.com/2008/1/1/archivelist/year-2008,month-1,starttime-42655.cms"
2708,2708,"https://timesofindia.indiatimes.com/2008/1/1/archivelist/year-2008,month-1,starttime-42656.cms"
2709,2709,"https://timesofindia.indiatimes.com/2008/1/1/archivelist/year-2008,month-1,starttime-42657.cms"
2710,2710,"https://timesofindia.indiatimes.com/2008/1/1/archivelist/year-2008,month-1,starttime-42658.cms"
2711,2711,"https://timesofindia.indiatimes.com/2008/1/1/archivelist/year-2008,month-1,starttime-42659.cms"
2712,2712,"https://timesofindia.indiatimes.com/2008/1/1/archivelist/year-2008,month-1,starttime-42660.cms"
2713,2713,"https://timesofindia.indiatimes.com/2008/1/1/archivelist/year-2008,month-1,starttime-42661.cms"
2714,2714,"https://timesofindia.indiatimes.com/2008/1/1/archivelist/year-2008,month-1,starttime-42662.cms"
2715,2715,"https://timesofindia.indiatimes.com/2008/1/1/archivelist/year-2008,month-1,starttime-42663.cms"
2716,2716,"https://timesofindia.indiatimes.com/2008/1/1/archivelist/year-2008,month-1,starttime-42664.cms"
2717,2717,"https://timesofindia.indiatimes.com/2008/1/1/archivelist/year-2008,month-1,starttime-42665.cms"
2718,2718,"https://timesofindia.indiatimes.com/2008/1/1/archivelist/year-2008,month-1,starttime-42666.cms"
2719,2719,"https://timesofindia.indiatimes.com/2008/1/1/archivelist/year-2008,month-1,starttime-42667.cms"
2720,2720,"https://timesofindia.indiatimes.com/2008/1/1/archivelist/year-2008,month-1,starttime-42668.cms"
2721,2721,"https://timesofindia.indiatimes.com/2008/1/1/archivelist/year-2008,month-1,starttime-42669.cms"
2722,2722,"https://timesofindia.indiatimes.com/2008/1/1/archivelist/year-2008,month-1,starttime-42670.cms"
2723,2723,"https://timesofindia.indiatimes.com/2008/1/1/archivelist/year-2008,month-1,starttime-42671.cms"
2724,2724,"https://timesofindia.indiatimes.com/2008/1/1/archivelist/year-2008,month-1,starttime-42672.cms"
2725,2725,"https://timesofindia.indiatimes.com/2008/1/1/archivelist/year-2008,month-1,starttime-42673.cms"
2726,2726,"https://timesofindia.indiatimes.com/2008/1/1/archivelist/year-2008,month-1,starttime-42674.cms"
2727,2727,"https://timesofindia.indiatimes.com/2008/1/1/archivelist/year-2008,month-1,starttime-42675.cms"
2728,2728,"https://timesofindia.indiatimes.com/2008/1/1/archivelist/year-2008,month-1,starttime-42676.cms"
2729,2729,"https://timesofindia.indiatimes.com/2008/1/1/archivelist/year-2008,month-1,starttime-42677.cms"
2730,2730,"https://timesofindia.indiatimes.com/2008/1/1/archivelist/year-2008,month-1,starttime-42678.cms"
2731,2731,"https://timesofindia.indiatimes.com/2008/1/1/archivelist/year-2008,month-1,starttime-42679.cms"
2732,2732,"https://timesofindia.indiatimes.com/2008/1/1/archivelist/year-2008,month-1,starttime-42680.cms"
2733,2733,"https://timesofindia.indiatimes.com/2008/1/1/archivelist/year-2008,month-1,starttime-42681.cms"
2734,2734,"https://timesofindia.indiatimes.com/2008/1/1/archivelist/year-2008,month-1,starttime-42682.cms"
2735,2735,"https://timesofindia.indiatimes.com/2008/1/1/archivelist/year-2008,month-1,starttime-42683.cms"
2736,2736,"https://timesofindia.indiatimes.com/2008/1/1/archivelist/year-2008,month-1,starttime-42684.cms"
2737,2737,"https://timesofindia.indiatimes.com/2008/1/1/archivelist/year-2008,month-1,starttime-42685.cms"
2738,2738,"https://timesofindia.indiatimes.com/2008/1/1/archivelist/year-2008,month-1,starttime-42686.cms"
2739,2739,"https://timesofindia.indiatimes.com/2008/1/1/archivelist/year-2008,month-1,starttime-42687.cms"
2740,2740,"https://timesofindia.indiatimes.com/2008/1/1/archivelist/year-2008,month-1,starttime-42688.cms"
2741,2741,"https://timesofindia.indiatimes.com/2008/1/1/archivelist/year-2008,month-1,starttime-42689.cms"
2742,2742,"https://timesofindia.indiatimes.com/2008/1/1/archivelist/year-2008,month-1,starttime-42690.cms"
2743,2743,"https://timesofindia.indiatimes.com/2008/1/1/archivelist/year-2008,month-1,starttime-42691.cms"
2744,2744,"https://timesofindia.indiatimes.com/2008/1/1/archivelist/year-2008,month-1,starttime-42692.cms"
2745,2745,"https://timesofindia.indiatimes.com/2008/1/1/archivelist/year-2008,month-1,starttime-42693.cms"
2746,2746,"https://timesofindia.indiatimes.com/2008/1/1/archivelist/year-2008,month-1,starttime-42694.cms"
2747,2747,"https://timesofindia.indiatimes.com/2008/1/1/archivelist/year-2008,month-1,starttime-42695.cms"
2748,2748,"https://timesofindia.indiatimes.com/2008/1/1/archivelist/year-2008,month-1,starttime-42696.cms"
2749,2749,"https://timesofindia.indiatimes.com/2008/1/1/archivelist/year-2008,month-1,starttime-42697.cms"
2750,2750,"https://timesofindia.indiatimes.com/2008/1/1/archivelist/year-2008,month-1,starttime-42698.cms"
2751,2751,"https://timesofindia.indiatimes.com/2008/1/1/archivelist/year-2008,month-1,starttime-42699.cms"
2752,2752,"https://timesofindia.indiatimes.com/2008/1/1/archivelist/year-2008,month-1,starttime-42700.cms"
2753,2753,"https://timesofindia.indiatimes.com/2008/1/1/archivelist/year-2008,month-1,starttime-42701.cms"
2754,2754,"https://timesofindia.indiatimes.com/2008/1/1/archivelist/year-2008,month-1,starttime-42702.cms"
2755,2755,"https://timesofindia.indiatimes.com/2008/1/1/archivelist/year-2008,month-1,starttime-42703.cms"
2756,2756,"https://timesofindia.indiatimes.com/2008/1/1/archivelist/year-2008,month-1,starttime-42704.cms"
2757,2757,"https://timesofindia.indiatimes.com/2008/1/1/archivelist/year-2008,month-1,starttime-42705.cms"
2758,2758,"https://timesofindia.indiatimes.com/2008/1/1/archivelist/year-2008,month-1,starttime-42706.cms"
2759,2759,"https://timesofindia.indiatimes.com/2008/1/1/archivelist/year-2008,month-1,starttime-42707.cms"
2760,2760,"https://timesofindia.indiatimes.com/2008/1/1/archivelist/year-2008,month-1,starttime-42708.cms"
2761,2761,"https://timesofindia.indiatimes.com/2008/1/1/archivelist/year-2008,month-1,starttime-42709.cms"
2762,2762,"https://timesofindia.indiatimes.com/2008/1/1/archivelist/year-2008,month-1,starttime-42710.cms"
2763,2763,"https://timesofindia.indiatimes.com/2008/1/1/archivelist/year-2008,month-1,starttime-42711.cms"
2764,2764,"https://timesofindia.indiatimes.com/2008/1/1/archivelist/year-2008,month-1,starttime-42712.cms"
2765,2765,"https://timesofindia.indiatimes.com/2008/1/1/archivelist/year-2008,month-1,starttime-42713.cms"
2766,2766,"https://timesofindia.indiatimes.com/2008/1/1/archivelist/year-2008,month-1,starttime-42714.cms"
2767,2767,"https://timesofindia.indiatimes.com/2008/1/1/archivelist/year-2008,month-1,starttime-42715.cms"
2768,2768,"https://timesofindia.indiatimes.com/2008/1/1/archivelist/year-2008,month-1,starttime-42716.cms"
2769,2769,"https://timesofindia.indiatimes.com/2008/1/1/archivelist/year-2008,month-1,starttime-42717.cms"
2770,2770,"https://timesofindia.indiatimes.com/2008/1/1/archivelist/year-2008,month-1,starttime-42718.cms"
2771,2771,"https://timesofindia.indiatimes.com/2008/1/1/archivelist/year-2008,month-1,starttime-42719.cms"
2772,2772,"https://timesofindia.indiatimes.com/2008/1/1/archivelist/year-2008,month-1,starttime-42720.cms"
2773,2773,"https://timesofindia.indiatimes.com/2008/1/1/archivelist/year-2008,month-1,starttime-42721.cms"
2774,2774,"https://timesofindia.indiatimes.com/2008/1/1/archivelist/year-2008,month-1,starttime-42722.cms"
2775,2775,"https://timesofindia.indiatimes.com/2008/1/1/archivelist/year-2008,month-1,starttime-42723.cms"
2776,2776,"https://timesofindia.indiatimes.com/2008/1/1/archivelist/year-2008,month-1,starttime-42724.cms"
2777,2777,"https://timesofindia.indiatimes.com/2008/1/1/archivelist/year-2008,month-1,starttime-42725.cms"
2778,2778,"https://timesofindia.indiatimes.com/2008/1/1/archivelist/year-2008,month-1,starttime-42726.cms"
2779,2779,"https://timesofindia.indiatimes.com/2008/1/1/archivelist/year-2008,month-1,starttime-42727.cms"
2780,2780,"https://timesofindia.indiatimes.com/2008/1/1/archivelist/year-2008,month-1,starttime-42728.cms"
2781,2781,"https://timesofindia.indiatimes.com/2008/1/1/archivelist/year-2008,month-1,starttime-42729.cms"
2782,2782,"https://timesofindia.indiatimes.com/2008/1/1/archivelist/year-2008,month-1,starttime-42730.cms"
2783,2783,"https://timesofindia.indiatimes.com/2008/1/1/archivelist/year-2008,month-1,starttime-42731.cms"
2784,2784,"https://timesofindia.indiatimes.com/2008/1/1/archivelist/year-2008,month-1,starttime-42732.cms"
2785,2785,"https://timesofindia.indiatimes.com/2008/1/1/archivelist/year-2008,month-1,starttime-42733.cms"
2786,2786,"https://timesofindia.indiatimes.com/2008/1/1/archivelist/year-2008,month-1,starttime-42734.cms"
2787,2787,"https://timesofindia.indiatimes.com/2008/1/1/archivelist/year-2008,month-1,starttime-42735.cms"
2788,2788,"https://timesofindia.indiatimes.com/2008/1/1/archivelist/year-2008,month-1,starttime-42736.cms"
2789,2789,"https://timesofindia.indiatimes.com/2008/1/1/archivelist/year-2008,month-1,starttime-42737.cms"
2790,2790,"https://timesofindia.indiatimes.com/2008/1/1/archivelist/year-2008,month-1,starttime-42738.cms"
2791,2791,"https://timesofindia.indiatimes.com/2008/1/1/archivelist/year-2008,month-1,starttime-42739.cms"
2792,2792,"https://timesofindia.indiatimes.com/2008/1/1/archivelist/year-2008,month-1,starttime-42740.cms"
2793,2793,"https://timesofindia.indiatimes.com/2008/1/1/archivelist/year-2008,month-1,starttime-42741.cms"
2794,2794,"https://timesofindia.indiatimes.com/2008/1/1/archivelist/year-2008,month-1,starttime-42742.cms"
2795,2795,"https://timesofindia.indiatimes.com/2008/1/1/archivelist/year-2008,month-1,starttime-42743.cms"
2796,2796,"https://timesofindia.indiatimes.com/2008/1/1/archivelist/year-2008,month-1,starttime-42744.cms"
2797,2797,"https://timesofindia.indiatimes.com/2008/1/1/archivelist/year-2008,month-1,starttime-42745.cms"
2798,2798,"https://timesofindia.indiatimes.com/2008/1/1/archivelist/year-2008,month-1,starttime-42746.cms"
2799,2799,"https://timesofindia.indiatimes.com/2008/1/1/archivelist/year-2008,month-1,starttime-42747.cms"
2800,2800,"https://timesofindia.indiatimes.com/2008/1/1/archivelist/year-2008,month-1,starttime-42748.cms"
2801,2801,"https://timesofindia.indiatimes.com/2008/1/1/archivelist/year-2008,month-1,starttime-42749.cms"
2802,2802,"https://timesofindia.indiatimes.com/2008/1/1/archivelist/year-2008,month-1,starttime-42750.cms"
2803,2803,"https://timesofindia.indiatimes.com/2008/1/1/archivelist/year-2008,month-1,starttime-42751.cms"
2804,2804,"https://timesofindia.indiatimes.com/2008/1/1/archivelist/year-2008,month-1,starttime-42752.cms"
2805,2805,"https://timesofindia.indiatimes.com/2008/1/1/archivelist/year-2008,month-1,starttime-42753.cms"
2806,2806,"https://timesofindia.indiatimes.com/2008/1/1/archivelist/year-2008,month-1,starttime-42754.cms"
2807,2807,"https://timesofindia.indiatimes.com/2008/1/1/archivelist/year-2008,month-1,starttime-42755.cms"
2808,2808,"https://timesofindia.indiatimes.com/2008/1/1/archivelist/year-2008,month-1,starttime-42756.cms"
2809,2809,"https://timesofindia.indiatimes.com/2008/1/1/archivelist/year-2008,month-1,starttime-42757.cms"
2810,2810,"https://timesofindia.indiatimes.com/2008/1/1/archivelist/year-2008,month-1,starttime-42758.cms"
2811,2811,"https://timesofindia.indiatimes.com/2008/1/1/archivelist/year-2008,month-1,starttime-42759.cms"
2812,2812,"https://timesofindia.indiatimes.com/2008/1/1/archivelist/year-2008,month-1,starttime-42760.cms"
2813,2813,"https://timesofindia.indiatimes.com/2008/1/1/archivelist/year-2008,month-1,starttime-42761.cms"
2814,2814,"https://timesofindia.indiatimes.com/2008/1/1/archivelist/year-2008,month-1,starttime-42762.cms"
2815,2815,"https://timesofindia.indiatimes.com/2008/1/1/archivelist/year-2008,month-1,starttime-42763.cms"
2816,2816,"https://timesofindia.indiatimes.com/2008/1/1/archivelist/year-2008,month-1,starttime-42764.cms"
2817,2817,"https://timesofindia.indiatimes.com/2008/1/1/archivelist/year-2008,month-1,starttime-42765.cms"
2818,2818,"https://timesofindia.indiatimes.com/2008/1/1/archivelist/year-2008,month-1,starttime-42766.cms"
2819,2819,"https://timesofindia.indiatimes.com/2008/1/1/archivelist/year-2008,month-1,starttime-42767.cms"
2820,2820,"https://timesofindia.indiatimes.com/2008/1/1/archivelist/year-2008,month-1,starttime-42768.cms"
2821,2821,"https://timesofindia.indiatimes.com/2008/1/1/archivelist/year-2008,month-1,starttime-42769.cms"
2822,2822,"https://timesofindia.indiatimes.com/2008/1/1/archivelist/year-2008,month-1,starttime-42770.cms"
2823,2823,"https://timesofindia.indiatimes.com/2008/1/1/archivelist/year-2008,month-1,starttime-42771.cms"
2824,2824,"https://timesofindia.indiatimes.com/2008/1/1/archivelist/year-2008,month-1,starttime-42772.cms"
2825,2825,"https://timesofindia.indiatimes.com/2008/1/1/archivelist/year-2008,month-1,starttime-42773.cms"
2826,2826,"https://timesofindia.indiatimes.com/2008/1/1/archivelist/year-2008,month-1,starttime-42774.cms"
2827,2827,"https://timesofindia.indiatimes.com/2008/1/1/archivelist/year-2008,month-1,starttime-42775.cms"
2828,2828,"https://timesofindia.indiatimes.com/2008/1/1/archivelist/year-2008,month-1,starttime-42776.cms"
2829,2829,"https://timesofindia.indiatimes.com/2008/1/1/archivelist/year-2008,month-1,starttime-42777.cms"
2830,2830,"https://timesofindia.indiatimes.com/2008/1/1/archivelist/year-2008,month-1,starttime-42778.cms"
2831,2831,"https://timesofindia.indiatimes.com/2008/1/1/archivelist/year-2008,month-1,starttime-42779.cms"
2832,2832,"https://timesofindia.indiatimes.com/2008/1/1/archivelist/year-2008,month-1,starttime-42780.cms"
2833,2833,"https://timesofindia.indiatimes.com/2008/1/1/archivelist/year-2008,month-1,starttime-42781.cms"
2834,2834,"https://timesofindia.indiatimes.com/2008/1/1/archivelist/year-2008,month-1,starttime-42782.cms"
2835,2835,"https://timesofindia.indiatimes.com/2008/1/1/archivelist/year-2008,month-1,starttime-42783.cms"
2836,2836,"https://timesofindia.indiatimes.com/2008/1/1/archivelist/year-2008,month-1,starttime-42784.cms"
2837,2837,"https://timesofindia.indiatimes.com/2008/1/1/archivelist/year-2008,month-1,starttime-42785.cms"
2838,2838,"https://timesofindia.indiatimes.com/2008/1/1/archivelist/year-2008,month-1,starttime-42786.cms"
2839,2839,"https://timesofindia.indiatimes.com/2008/1/1/archivelist/year-2008,month-1,starttime-42787.cms"
2840,2840,"https://timesofindia.indiatimes.com/2008/1/1/archivelist/year-2008,month-1,starttime-42788.cms"
2841,2841,"https://timesofindia.indiatimes.com/2008/1/1/archivelist/year-2008,month-1,starttime-42789.cms"
2842,2842,"https://timesofindia.indiatimes.com/2008/1/1/archivelist/year-2008,month-1,starttime-42790.cms"
2843,2843,"https://timesofindia.indiatimes.com/2008/1/1/archivelist/year-2008,month-1,starttime-42791.cms"
2844,2844,"https://timesofindia.indiatimes.com/2008/1/1/archivelist/year-2008,month-1,starttime-42792.cms"
2845,2845,"https://timesofindia.indiatimes.com/2008/1/1/archivelist/year-2008,month-1,starttime-42793.cms"
2846,2846,"https://timesofindia.indiatimes.com/2008/1/1/archivelist/year-2008,month-1,starttime-42794.cms"
2847,2847,"https://timesofindia.indiatimes.com/2008/1/1/archivelist/year-2008,month-1,starttime-42795.cms"
2848,2848,"https://timesofindia.indiatimes.com/2008/1/1/archivelist/year-2008,month-1,starttime-42796.cms"
2849,2849,"https://timesofindia.indiatimes.com/2008/1/1/archivelist/year-2008,month-1,starttime-42797.cms"
2850,2850,"https://timesofindia.indiatimes.com/2008/1/1/archivelist/year-2008,month-1,starttime-42798.cms"
2851,2851,"https://timesofindia.indiatimes.com/2008/1/1/archivelist/year-2008,month-1,starttime-42799.cms"
2852,2852,"https://timesofindia.indiatimes.com/2008/1/1/archivelist/year-2008,month-1,starttime-42800.cms"
2853,2853,"https://timesofindia.indiatimes.com/2008/1/1/archivelist/year-2008,month-1,starttime-42801.cms"
2854,2854,"https://timesofindia.indiatimes.com/2008/1/1/archivelist/year-2008,month-1,starttime-42802.cms"
2855,2855,"https://timesofindia.indiatimes.com/2008/1/1/archivelist/year-2008,month-1,starttime-42803.cms"
2856,2856,"https://timesofindia.indiatimes.com/2008/1/1/archivelist/year-2008,month-1,starttime-42804.cms"
2857,2857,"https://timesofindia.indiatimes.com/2008/1/1/archivelist/year-2008,month-1,starttime-42805.cms"
2858,2858,"https://timesofindia.indiatimes.com/2008/1/1/archivelist/year-2008,month-1,starttime-42806.cms"
2859,2859,"https://timesofindia.indiatimes.com/2008/1/1/archivelist/year-2008,month-1,starttime-42807.cms"
2860,2860,"https://timesofindia.indiatimes.com/2008/1/1/archivelist/year-2008,month-1,starttime-42808.cms"
2861,2861,"https://timesofindia.indiatimes.com/2008/1/1/archivelist/year-2008,month-1,starttime-42809.cms"
2862,2862,"https://timesofindia.indiatimes.com/2008/1/1/archivelist/year-2008,month-1,starttime-42810.cms"
2863,2863,"https://timesofindia.indiatimes.com/2008/1/1/archivelist/year-2008,month-1,starttime-42811.cms"
2864,2864,"https://timesofindia.indiatimes.com/2008/1/1/archivelist/year-2008,month-1,starttime-42812.cms"
2865,2865,"https://timesofindia.indiatimes.com/2008/1/1/archivelist/year-2008,month-1,starttime-42813.cms"
2866,2866,"https://timesofindia.indiatimes.com/2008/1/1/archivelist/year-2008,month-1,starttime-42814.cms"
2867,2867,"https://timesofindia.indiatimes.com/2008/1/1/archivelist/year-2008,month-1,starttime-42815.cms"
2868,2868,"https://timesofindia.indiatimes.com/2008/1/1/archivelist/year-2008,month-1,starttime-42816.cms"
2869,2869,"https://timesofindia.indiatimes.com/2008/1/1/archivelist/year-2008,month-1,starttime-42817.cms"
2870,2870,"https://timesofindia.indiatimes.com/2008/1/1/archivelist/year-2008,month-1,starttime-42818.cms"
2871,2871,"https://timesofindia.indiatimes.com/2008/1/1/archivelist/year-2008,month-1,starttime-42819.cms"
2872,2872,"https://timesofindia.indiatimes.com/2008/1/1/archivelist/year-2008,month-1,starttime-42820.cms"
2873,2873,"https://timesofindia.indiatimes.com/2008/1/1/archivelist/year-2008,month-1,starttime-42821.cms"
2874,2874,"https://timesofindia.indiatimes.com/2008/1/1/archivelist/year-2008,month-1,starttime-42822.cms"
2875,2875,"https://timesofindia.indiatimes.com/2008/1/1/archivelist/year-2008,month-1,starttime-42823.cms"
2876,2876,"https://timesofindia.indiatimes.com/2008/1/1/archivelist/year-2008,month-1,starttime-42824.cms"
2877,2877,"https://timesofindia.indiatimes.com/2008/1/1/archivelist/year-2008,month-1,starttime-42825.cms"
2878,2878,"https://timesofindia.indiatimes.com/2008/1/1/archivelist/year-2008,month-1,starttime-42826.cms"
2879,2879,"https://timesofindia.indiatimes.com/2008/1/1/archivelist/year-2008,month-1,starttime-42827.cms"
2880,2880,"https://timesofindia.indiatimes.com/2008/1/1/archivelist/year-2008,month-1,starttime-42828.cms"
2881,2881,"https://timesofindia.indiatimes.com/2008/1/1/archivelist/year-2008,month-1,starttime-42829.cms"
2882,2882,"https://timesofindia.indiatimes.com/2008/1/1/archivelist/year-2008,month-1,starttime-42830.cms"
2883,2883,"https://timesofindia.indiatimes.com/2008/1/1/archivelist/year-2008,month-1,starttime-42831.cms"
2884,2884,"https://timesofindia.indiatimes.com/2008/1/1/archivelist/year-2008,month-1,starttime-42832.cms"
2885,2885,"https://timesofindia.indiatimes.com/2008/1/1/archivelist/year-2008,month-1,starttime-42833.cms"
2886,2886,"https://timesofindia.indiatimes.com/2008/1/1/archivelist/year-2008,month-1,starttime-42834.cms"
2887,2887,"https://timesofindia.indiatimes.com/2008/1/1/archivelist/year-2008,month-1,starttime-42835.cms"
2888,2888,"https://timesofindia.indiatimes.com/2008/1/1/archivelist/year-2008,month-1,starttime-42836.cms"
2889,2889,"https://timesofindia.indiatimes.com/2008/1/1/archivelist/year-2008,month-1,starttime-42837.cms"
2890,2890,"https://timesofindia.indiatimes.com/2008/1/1/archivelist/year-2008,month-1,starttime-42838.cms"
2891,2891,"https://timesofindia.indiatimes.com/2008/1/1/archivelist/year-2008,month-1,starttime-42839.cms"
2892,2892,"https://timesofindia.indiatimes.com/2008/1/1/archivelist/year-2008,month-1,starttime-42840.cms"
2893,2893,"https://timesofindia.indiatimes.com/2008/1/1/archivelist/year-2008,month-1,starttime-42841.cms"
2894,2894,"https://timesofindia.indiatimes.com/2008/1/1/archivelist/year-2008,month-1,starttime-42842.cms"
2895,2895,"https://timesofindia.indiatimes.com/2008/1/1/archivelist/year-2008,month-1,starttime-42843.cms"
2896,2896,"https://timesofindia.indiatimes.com/2008/1/1/archivelist/year-2008,month-1,starttime-42844.cms"
2897,2897,"https://timesofindia.indiatimes.com/2008/1/1/archivelist/year-2008,month-1,starttime-42845.cms"
2898,2898,"https://timesofindia.indiatimes.com/2008/1/1/archivelist/year-2008,month-1,starttime-42846.cms"
2899,2899,"https://timesofindia.indiatimes.com/2008/1/1/archivelist/year-2008,month-1,starttime-42847.cms"
2900,2900,"https://timesofindia.indiatimes.com/2008/1/1/archivelist/year-2008,month-1,starttime-42848.cms"
2901,2901,"https://timesofindia.indiatimes.com/2008/1/1/archivelist/year-2008,month-1,starttime-42849.cms"
2902,2902,"https://timesofindia.indiatimes.com/2008/1/1/archivelist/year-2008,month-1,starttime-42850.cms"
2903,2903,"https://timesofindia.indiatimes.com/2008/1/1/archivelist/year-2008,month-1,starttime-42851.cms"
2904,2904,"https://timesofindia.indiatimes.com/2008/1/1/archivelist/year-2008,month-1,starttime-42852.cms"
2905,2905,"https://timesofindia.indiatimes.com/2008/1/1/archivelist/year-2008,month-1,starttime-42853.cms"
2906,2906,"https://timesofindia.indiatimes.com/2008/1/1/archivelist/year-2008,month-1,starttime-42854.cms"
2907,2907,"https://timesofindia.indiatimes.com/2008/1/1/archivelist/year-2008,month-1,starttime-42855.cms"
2908,2908,"https://timesofindia.indiatimes.com/2008/1/1/archivelist/year-2008,month-1,starttime-42856.cms"
2909,2909,"https://timesofindia.indiatimes.com/2008/1/1/archivelist/year-2008,month-1,starttime-42857.cms"
2910,2910,"https://timesofindia.indiatimes.com/2008/1/1/archivelist/year-2008,month-1,starttime-42858.cms"
2911,2911,"https://timesofindia.indiatimes.com/2008/1/1/archivelist/year-2008,month-1,starttime-42859.cms"
2912,2912,"https://timesofindia.indiatimes.com/2008/1/1/archivelist/year-2008,month-1,starttime-42860.cms"
2913,2913,"https://timesofindia.indiatimes.com/2008/1/1/archivelist/year-2008,month-1,starttime-42861.cms"
2914,2914,"https://timesofindia.indiatimes.com/2008/1/1/archivelist/year-2008,month-1,starttime-42862.cms"
2915,2915,"https://timesofindia.indiatimes.com/2008/1/1/archivelist/year-2008,month-1,starttime-42863.cms"
2916,2916,"https://timesofindia.indiatimes.com/2008/1/1/archivelist/year-2008,month-1,starttime-42864.cms"
2917,2917,"https://timesofindia.indiatimes.com/2008/1/1/archivelist/year-2008,month-1,starttime-42865.cms"
2918,2918,"https://timesofindia.indiatimes.com/2008/1/1/archivelist/year-2008,month-1,starttime-42866.cms"
2919,2919,"https://timesofindia.indiatimes.com/2008/1/1/archivelist/year-2008,month-1,starttime-42867.cms"
2920,2920,"https://timesofindia.indiatimes.com/2008/1/1/archivelist/year-2008,month-1,starttime-42868.cms"
2921,2921,"https://timesofindia.indiatimes.com/2008/1/1/archivelist/year-2008,month-1,starttime-42869.cms"
2922,2922,"https://timesofindia.indiatimes.com/2008/1/1/archivelist/year-2008,month-1,starttime-42870.cms"
2923,2923,"https://timesofindia.indiatimes.com/2008/1/1/archivelist/year-2008,month-1,starttime-42871.cms"
2924,2924,"https://timesofindia.indiatimes.com/2008/1/1/archivelist/year-2008,month-1,starttime-42872.cms"
2925,2925,"https://timesofindia.indiatimes.com/2008/1/1/archivelist/year-2008,month-1,starttime-42873.cms"
2926,2926,"https://timesofindia.indiatimes.com/2008/1/1/archivelist/year-2008,month-1,starttime-42874.cms"
2927,2927,"https://timesofindia.indiatimes.com/2008/1/1/archivelist/year-2008,month-1,starttime-42875.cms"
2928,2928,"https://timesofindia.indiatimes.com/2008/1/1/archivelist/year-2008,month-1,starttime-42876.cms"
2929,2929,"https://timesofindia.indiatimes.com/2008/1/1/archivelist/year-2008,month-1,starttime-42877.cms"
2930,2930,"https://timesofindia.indiatimes.com/2008/1/1/archivelist/year-2008,month-1,starttime-42878.cms"
2931,2931,"https://timesofindia.indiatimes.com/2008/1/1/archivelist/year-2008,month-1,starttime-42879.cms"
2932,2932,"https://timesofindia.indiatimes.com/2008/1/1/archivelist/year-2008,month-1,starttime-42880.cms"
2933,2933,"https://timesofindia.indiatimes.com/2008/1/1/archivelist/year-2008,month-1,starttime-42881.cms"
2934,2934,"https://timesofindia.indiatimes.com/2008/1/1/archivelist/year-2008,month-1,starttime-42882.cms"
2935,2935,"https://timesofindia.indiatimes.com/2008/1/1/archivelist/year-2008,month-1,starttime-42883.cms"
2936,2936,"https://timesofindia.indiatimes.com/2008/1/1/archivelist/year-2008,month-1,starttime-42884.cms"
2937,2937,"https://timesofindia.indiatimes.com/2008/1/1/archivelist/year-2008,month-1,starttime-42885.cms"
2938,2938,"https://timesofindia.indiatimes.com/2008/1/1/archivelist/year-2008,month-1,starttime-42886.cms"
2939,2939,"https://timesofindia.indiatimes.com/2008/1/1/archivelist/year-2008,month-1,starttime-42887.cms"
2940,2940,"https://timesofindia.indiatimes.com/2008/1/1/archivelist/year-2008,month-1,starttime-42888.cms"
2941,2941,"https://timesofindia.indiatimes.com/2008/1/1/archivelist/year-2008,month-1,starttime-42889.cms"
2942,2942,"https://timesofindia.indiatimes.com/2008/1/1/archivelist/year-2008,month-1,starttime-42890.cms"
2943,2943,"https://timesofindia.indiatimes.com/2008/1/1/archivelist/year-2008,month-1,starttime-42891.cms"
2944,2944,"https://timesofindia.indiatimes.com/2008/1/1/archivelist/year-2008,month-1,starttime-42892.cms"
2945,2945,"https://timesofindia.indiatimes.com/2008/1/1/archivelist/year-2008,month-1,starttime-42893.cms"
2946,2946,"https://timesofindia.indiatimes.com/2008/1/1/archivelist/year-2008,month-1,starttime-42894.cms"
2947,2947,"https://timesofindia.indiatimes.com/2008/1/1/archivelist/year-2008,month-1,starttime-42895.cms"
2948,2948,"https://timesofindia.indiatimes.com/2008/1/1/archivelist/year-2008,month-1,starttime-42896.cms"
2949,2949,"https://timesofindia.indiatimes.com/2008/1/1/archivelist/year-2008,month-1,starttime-42897.cms"
2950,2950,"https://timesofindia.indiatimes.com/2008/1/1/archivelist/year-2008,month-1,starttime-42898.cms"
2951,2951,"https://timesofindia.indiatimes.com/2008/1/1/archivelist/year-2008,month-1,starttime-42899.cms"
2952,2952,"https://timesofindia.indiatimes.com/2008/1/1/archivelist/year-2008,month-1,starttime-42900.cms"
2953,2953,"https://timesofindia.indiatimes.com/2008/1/1/archivelist/year-2008,month-1,starttime-42901.cms"
2954,2954,"https://timesofindia.indiatimes.com/2008/1/1/archivelist/year-2008,month-1,starttime-42902.cms"
2955,2955,"https://timesofindia.indiatimes.com/2008/1/1/archivelist/year-2008,month-1,starttime-42903.cms"
2956,2956,"https://timesofindia.indiatimes.com/2008/1/1/archivelist/year-2008,month-1,starttime-42904.cms"
2957,2957,"https://timesofindia.indiatimes.com/2008/1/1/archivelist/year-2008,month-1,starttime-42905.cms"
2958,2958,"https://timesofindia.indiatimes.com/2008/1/1/archivelist/year-2008,month-1,starttime-42906.cms"
2959,2959,"https://timesofindia.indiatimes.com/2008/1/1/archivelist/year-2008,month-1,starttime-42907.cms"
2960,2960,"https://timesofindia.indiatimes.com/2008/1/1/archivelist/year-2008,month-1,starttime-42908.cms"
2961,2961,"https://timesofindia.indiatimes.com/2008/1/1/archivelist/year-2008,month-1,starttime-42909.cms"
2962,2962,"https://timesofindia.indiatimes.com/2008/1/1/archivelist/year-2008,month-1,starttime-42910.cms"
2963,2963,"https://timesofindia.indiatimes.com/2008/1/1/archivelist/year-2008,month-1,starttime-42911.cms"
2964,2964,"https://timesofindia.indiatimes.com/2008/1/1/archivelist/year-2008,month-1,starttime-42912.cms"
2965,2965,"https://timesofindia.indiatimes.com/2008/1/1/archivelist/year-2008,month-1,starttime-42913.cms"
2966,2966,"https://timesofindia.indiatimes.com/2008/1/1/archivelist/year-2008,month-1,starttime-42914.cms"
2967,2967,"https://timesofindia.indiatimes.com/2008/1/1/archivelist/year-2008,month-1,starttime-42915.cms"
2968,2968,"https://timesofindia.indiatimes.com/2008/1/1/archivelist/year-2008,month-1,starttime-42916.cms"
2969,2969,"https://timesofindia.indiatimes.com/2008/1/1/archivelist/year-2008,month-1,starttime-42917.cms"
2970,2970,"https://timesofindia.indiatimes.com/2008/1/1/archivelist/year-2008,month-1,starttime-42918.cms"
2971,2971,"https://timesofindia.indiatimes.com/2008/1/1/archivelist/year-2008,month-1,starttime-42919.cms"
2972,2972,"https://timesofindia.indiatimes.com/2008/1/1/archivelist/year-2008,month-1,starttime-42920.cms"
2973,2973,"https://timesofindia.indiatimes.com/2008/1/1/archivelist/year-2008,month-1,starttime-42921.cms"
2974,2974,"https://timesofindia.indiatimes.com/2008/1/1/archivelist/year-2008,month-1,starttime-42922.cms"
2975,2975,"https://timesofindia.indiatimes.com/2008/1/1/archivelist/year-2008,month-1,starttime-42923.cms"
2976,2976,"https://timesofindia.indiatimes.com/2008/1/1/archivelist/year-2008,month-1,starttime-42924.cms"
2977,2977,"https://timesofindia.indiatimes.com/2008/1/1/archivelist/year-2008,month-1,starttime-42925.cms"
2978,2978,"https://timesofindia.indiatimes.com/2008/1/1/archivelist/year-2008,month-1,starttime-42926.cms"
2979,2979,"https://timesofindia.indiatimes.com/2008/1/1/archivelist/year-2008,month-1,starttime-42927.cms"
2980,2980,"https://timesofindia.indiatimes.com/2008/1/1/archivelist/year-2008,month-1,starttime-42928.cms"
2981,2981,"https://timesofindia.indiatimes.com/2008/1/1/archivelist/year-2008,month-1,starttime-42929.cms"
2982,2982,"https://timesofindia.indiatimes.com/2008/1/1/archivelist/year-2008,month-1,starttime-42930.cms"
2983,2983,"https://timesofindia.indiatimes.com/2008/1/1/archivelist/year-2008,month-1,starttime-42931.cms"
2984,2984,"https://timesofindia.indiatimes.com/2008/1/1/archivelist/year-2008,month-1,starttime-42932.cms"
2985,2985,"https://timesofindia.indiatimes.com/2008/1/1/archivelist/year-2008,month-1,starttime-42933.cms"
2986,2986,"https://timesofindia.indiatimes.com/2008/1/1/archivelist/year-2008,month-1,starttime-42934.cms"
2987,2987,"https://timesofindia.indiatimes.com/2008/1/1/archivelist/year-2008,month-1,starttime-42935.cms"
2988,2988,"https://timesofindia.indiatimes.com/2008/1/1/archivelist/year-2008,month-1,starttime-42936.cms"
2989,2989,"https://timesofindia.indiatimes.com/2008/1/1/archivelist/year-2008,month-1,starttime-42937.cms"
2990,2990,"https://timesofindia.indiatimes.com/2008/1/1/archivelist/year-2008,month-1,starttime-42938.cms"
2991,2991,"https://timesofindia.indiatimes.com/2008/1/1/archivelist/year-2008,month-1,starttime-42939.cms"
2992,2992,"https://timesofindia.indiatimes.com/2008/1/1/archivelist/year-2008,month-1,starttime-42940.cms"
2993,2993,"https://timesofindia.indiatimes.com/2008/1/1/archivelist/year-2008,month-1,starttime-42941.cms"
2994,2994,"https://timesofindia.indiatimes.com/2008/1/1/archivelist/year-2008,month-1,starttime-42942.cms"
2995,2995,"https://timesofindia.indiatimes.com/2008/1/1/archivelist/year-2008,month-1,starttime-42943.cms"
2996,2996,"https://timesofindia.indiatimes.com/2008/1/1/archivelist/year-2008,month-1,starttime-42944.cms"
2997,2997,"https://timesofindia.indiatimes.com/2008/1/1/archivelist/year-2008,month-1,starttime-42945.cms"
2998,2998,"https://timesofindia.indiatimes.com/2008/1/1/archivelist/year-2008,month-1,starttime-42946.cms"
2999,2999,"https://timesofindia.indiatimes.com/2008/1/1/archivelist/year-2008,month-1,starttime-42947.cms"
3000,3000,"https://timesofindia.indiatimes.com/2008/1/1/archivelist/year-2008,month-1,starttime-42948.cms"
3001,3001,"https://timesofindia.indiatimes.com/2008/1/1/archivelist/year-2008,month-1,starttime-42949.cms"
3002,3002,"https://timesofindia.indiatimes.com/2008/1/1/archivelist/year-2008,month-1,starttime-42950.cms"
3003,3003,"https://timesofindia.indiatimes.com/2008/1/1/archivelist/year-2008,month-1,starttime-42951.cms"
3004,3004,"https://timesofindia.indiatimes.com/2008/1/1/archivelist/year-2008,month-1,starttime-42952.cms"
3005,3005,"https://timesofindia.indiatimes.com/2008/1/1/archivelist/year-2008,month-1,starttime-42953.cms"
3006,3006,"https://timesofindia.indiatimes.com/2008/1/1/archivelist/year-2008,month-1,starttime-42954.cms"
3007,3007,"https://timesofindia.indiatimes.com/2008/1/1/archivelist/year-2008,month-1,starttime-42955.cms"
3008,3008,"https://timesofindia.indiatimes.com/2008/1/1/archivelist/year-2008,month-1,starttime-42956.cms"
3009,3009,"https://timesofindia.indiatimes.com/2008/1/1/archivelist/year-2008,month-1,starttime-42957.cms"
3010,3010,"https://timesofindia.indiatimes.com/2008/1/1/archivelist/year-2008,month-1,starttime-42958.cms"
3011,3011,"https://timesofindia.indiatimes.com/2008/1/1/archivelist/year-2008,month-1,starttime-42959.cms"
3012,3012,"https://timesofindia.indiatimes.com/2008/1/1/archivelist/year-2008,month-1,starttime-42960.cms"
3013,3013,"https://timesofindia.indiatimes.com/2008/1/1/archivelist/year-2008,month-1,starttime-42961.cms"
3014,3014,"https://timesofindia.indiatimes.com/2008/1/1/archivelist/year-2008,month-1,starttime-42962.cms"
3015,3015,"https://timesofindia.indiatimes.com/2008/1/1/archivelist/year-2008,month-1,starttime-42963.cms"
3016,3016,"https://timesofindia.indiatimes.com/2008/1/1/archivelist/year-2008,month-1,starttime-42964.cms"
3017,3017,"https://timesofindia.indiatimes.com/2008/1/1/archivelist/year-2008,month-1,starttime-42965.cms"
3018,3018,"https://timesofindia.indiatimes.com/2008/1/1/archivelist/year-2008,month-1,starttime-42966.cms"
3019,3019,"https://timesofindia.indiatimes.com/2008/1/1/archivelist/year-2008,month-1,starttime-42967.cms"
3020,3020,"https://timesofindia.indiatimes.com/2008/1/1/archivelist/year-2008,month-1,starttime-42968.cms"
3021,3021,"https://timesofindia.indiatimes.com/2008/1/1/archivelist/year-2008,month-1,starttime-42969.cms"
3022,3022,"https://timesofindia.indiatimes.com/2008/1/1/archivelist/year-2008,month-1,starttime-42970.cms"
3023,3023,"https://timesofindia.indiatimes.com/2008/1/1/archivelist/year-2008,month-1,starttime-42971.cms"
3024,3024,"https://timesofindia.indiatimes.com/2008/1/1/archivelist/year-2008,month-1,starttime-42972.cms"
3025,3025,"https://timesofindia.indiatimes.com/2008/1/1/archivelist/year-2008,month-1,starttime-42973.cms"
3026,3026,"https://timesofindia.indiatimes.com/2008/1/1/archivelist/year-2008,month-1,starttime-42974.cms"
3027,3027,"https://timesofindia.indiatimes.com/2008/1/1/archivelist/year-2008,month-1,starttime-42975.cms"
3028,3028,"https://timesofindia.indiatimes.com/2008/1/1/archivelist/year-2008,month-1,starttime-42976.cms"
3029,3029,"https://timesofindia.indiatimes.com/2008/1/1/archivelist/year-2008,month-1,starttime-42977.cms"
3030,3030,"https://timesofindia.indiatimes.com/2008/1/1/archivelist/year-2008,month-1,starttime-42978.cms"
3031,3031,"https://timesofindia.indiatimes.com/2008/1/1/archivelist/year-2008,month-1,starttime-42979.cms"
3032,3032,"https://timesofindia.indiatimes.com/2008/1/1/archivelist/year-2008,month-1,starttime-42980.cms"
3033,3033,"https://timesofindia.indiatimes.com/2008/1/1/archivelist/year-2008,month-1,starttime-42981.cms"
3034,3034,"https://timesofindia.indiatimes.com/2008/1/1/archivelist/year-2008,month-1,starttime-42982.cms"
3035,3035,"https://timesofindia.indiatimes.com/2008/1/1/archivelist/year-2008,month-1,starttime-42983.cms"
3036,3036,"https://timesofindia.indiatimes.com/2008/1/1/archivelist/year-2008,month-1,starttime-42984.cms"
3037,3037,"https://timesofindia.indiatimes.com/2008/1/1/archivelist/year-2008,month-1,starttime-42985.cms"
3038,3038,"https://timesofindia.indiatimes.com/2008/1/1/archivelist/year-2008,month-1,starttime-42986.cms"
3039,3039,"https://timesofindia.indiatimes.com/2008/1/1/archivelist/year-2008,month-1,starttime-42987.cms"
3040,3040,"https://timesofindia.indiatimes.com/2008/1/1/archivelist/year-2008,month-1,starttime-42988.cms"
3041,3041,"https://timesofindia.indiatimes.com/2008/1/1/archivelist/year-2008,month-1,starttime-42989.cms"
3042,3042,"https://timesofindia.indiatimes.com/2008/1/1/archivelist/year-2008,month-1,starttime-42990.cms"
3043,3043,"https://timesofindia.indiatimes.com/2008/1/1/archivelist/year-2008,month-1,starttime-42991.cms"
3044,3044,"https://timesofindia.indiatimes.com/2008/1/1/archivelist/year-2008,month-1,starttime-42992.cms"
3045,3045,"https://timesofindia.indiatimes.com/2008/1/1/archivelist/year-2008,month-1,starttime-42993.cms"
3046,3046,"https://timesofindia.indiatimes.com/2008/1/1/archivelist/year-2008,month-1,starttime-42994.cms"
3047,3047,"https://timesofindia.indiatimes.com/2008/1/1/archivelist/year-2008,month-1,starttime-42995.cms"
3048,3048,"https://timesofindia.indiatimes.com/2008/1/1/archivelist/year-2008,month-1,starttime-42996.cms"
3049,3049,"https://timesofindia.indiatimes.com/2008/1/1/archivelist/year-2008,month-1,starttime-42997.cms"
3050,3050,"https://timesofindia.indiatimes.com/2008/1/1/archivelist/year-2008,month-1,starttime-42998.cms"
3051,3051,"https://timesofindia.indiatimes.com/2008/1/1/archivelist/year-2008,month-1,starttime-42999.cms"
3052,3052,"https://timesofindia.indiatimes.com/2008/1/1/archivelist/year-2008,month-1,starttime-43000.cms"
3053,3053,"https://timesofindia.indiatimes.com/2008/1/1/archivelist/year-2008,month-1,starttime-43001.cms"
3054,3054,"https://timesofindia.indiatimes.com/2008/1/1/archivelist/year-2008,month-1,starttime-43002.cms"
3055,3055,"https://timesofindia.indiatimes.com/2008/1/1/archivelist/year-2008,month-1,starttime-43003.cms"
3056,3056,"https://timesofindia.indiatimes.com/2008/1/1/archivelist/year-2008,month-1,starttime-43004.cms"
3057,3057,"https://timesofindia.indiatimes.com/2008/1/1/archivelist/year-2008,month-1,starttime-43005.cms"
3058,3058,"https://timesofindia.indiatimes.com/2008/1/1/archivelist/year-2008,month-1,starttime-43006.cms"
3059,3059,"https://timesofindia.indiatimes.com/2008/1/1/archivelist/year-2008,month-1,starttime-43007.cms"
3060,3060,"https://timesofindia.indiatimes.com/2008/1/1/archivelist/year-2008,month-1,starttime-43008.cms"
3061,3061,"https://timesofindia.indiatimes.com/2008/1/1/archivelist/year-2008,month-1,starttime-43009.cms"
3062,3062,"https://timesofindia.indiatimes.com/2008/1/1/archivelist/year-2008,month-1,starttime-43010.cms"
3063,3063,"https://timesofindia.indiatimes.com/2008/1/1/archivelist/year-2008,month-1,starttime-43011.cms"
3064,3064,"https://timesofindia.indiatimes.com/2008/1/1/archivelist/year-2008,month-1,starttime-43012.cms"
3065,3065,"https://timesofindia.indiatimes.com/2008/1/1/archivelist/year-2008,month-1,starttime-43013.cms"
3066,3066,"https://timesofindia.indiatimes.com/2008/1/1/archivelist/year-2008,month-1,starttime-43014.cms"
3067,3067,"https://timesofindia.indiatimes.com/2008/1/1/archivelist/year-2008,month-1,starttime-43015.cms"
3068,3068,"https://timesofindia.indiatimes.com/2008/1/1/archivelist/year-2008,month-1,starttime-43016.cms"
3069,3069,"https://timesofindia.indiatimes.com/2008/1/1/archivelist/year-2008,month-1,starttime-43017.cms"
3070,3070,"https://timesofindia.indiatimes.com/2008/1/1/archivelist/year-2008,month-1,starttime-43018.cms"
3071,3071,"https://timesofindia.indiatimes.com/2008/1/1/archivelist/year-2008,month-1,starttime-43019.cms"
3072,3072,"https://timesofindia.indiatimes.com/2008/1/1/archivelist/year-2008,month-1,starttime-43020.cms"
3073,3073,"https://timesofindia.indiatimes.com/2008/1/1/archivelist/year-2008,month-1,starttime-43021.cms"
3074,3074,"https://timesofindia.indiatimes.com/2008/1/1/archivelist/year-2008,month-1,starttime-43022.cms"
3075,3075,"https://timesofindia.indiatimes.com/2008/1/1/archivelist/year-2008,month-1,starttime-43023.cms"
3076,3076,"https://timesofindia.indiatimes.com/2008/1/1/archivelist/year-2008,month-1,starttime-43024.cms"
3077,3077,"https://timesofindia.indiatimes.com/2008/1/1/archivelist/year-2008,month-1,starttime-43025.cms"
3078,3078,"https://timesofindia.indiatimes.com/2008/1/1/archivelist/year-2008,month-1,starttime-43026.cms"
3079,3079,"https://timesofindia.indiatimes.com/2008/1/1/archivelist/year-2008,month-1,starttime-43027.cms"
3080,3080,"https://timesofindia.indiatimes.com/2008/1/1/archivelist/year-2008,month-1,starttime-43028.cms"
3081,3081,"https://timesofindia.indiatimes.com/2008/1/1/archivelist/year-2008,month-1,starttime-43029.cms"
3082,3082,"https://timesofindia.indiatimes.com/2008/1/1/archivelist/year-2008,month-1,starttime-43030.cms"
3083,3083,"https://timesofindia.indiatimes.com/2008/1/1/archivelist/year-2008,month-1,starttime-43031.cms"
3084,3084,"https://timesofindia.indiatimes.com/2008/1/1/archivelist/year-2008,month-1,starttime-43032.cms"
3085,3085,"https://timesofindia.indiatimes.com/2008/1/1/archivelist/year-2008,month-1,starttime-43033.cms"
3086,3086,"https://timesofindia.indiatimes.com/2008/1/1/archivelist/year-2008,month-1,starttime-43034.cms"
3087,3087,"https://timesofindia.indiatimes.com/2008/1/1/archivelist/year-2008,month-1,starttime-43035.cms"
3088,3088,"https://timesofindia.indiatimes.com/2008/1/1/archivelist/year-2008,month-1,starttime-43036.cms"
3089,3089,"https://timesofindia.indiatimes.com/2008/1/1/archivelist/year-2008,month-1,starttime-43037.cms"
3090,3090,"https://timesofindia.indiatimes.com/2008/1/1/archivelist/year-2008,month-1,starttime-43038.cms"
3091,3091,"https://timesofindia.indiatimes.com/2008/1/1/archivelist/year-2008,month-1,starttime-43039.cms"
3092,3092,"https://timesofindia.indiatimes.com/2008/1/1/archivelist/year-2008,month-1,starttime-43040.cms"
3093,3093,"https://timesofindia.indiatimes.com/2008/1/1/archivelist/year-2008,month-1,starttime-43041.cms"
3094,3094,"https://timesofindia.indiatimes.com/2008/1/1/archivelist/year-2008,month-1,starttime-43042.cms"
3095,3095,"https://timesofindia.indiatimes.com/2008/1/1/archivelist/year-2008,month-1,starttime-43043.cms"
3096,3096,"https://timesofindia.indiatimes.com/2008/1/1/archivelist/year-2008,month-1,starttime-43044.cms"
3097,3097,"https://timesofindia.indiatimes.com/2008/1/1/archivelist/year-2008,month-1,starttime-43045.cms"
3098,3098,"https://timesofindia.indiatimes.com/2008/1/1/archivelist/year-2008,month-1,starttime-43046.cms"
3099,3099,"https://timesofindia.indiatimes.com/2008/1/1/archivelist/year-2008,month-1,starttime-43047.cms"
3100,3100,"https://timesofindia.indiatimes.com/2008/1/1/archivelist/year-2008,month-1,starttime-43048.cms"
3101,3101,"https://timesofindia.indiatimes.com/2008/1/1/archivelist/year-2008,month-1,starttime-43049.cms"
3102,3102,"https://timesofindia.indiatimes.com/2008/1/1/archivelist/year-2008,month-1,starttime-43050.cms"
3103,3103,"https://timesofindia.indiatimes.com/2008/1/1/archivelist/year-2008,month-1,starttime-43051.cms"
3104,3104,"https://timesofindia.indiatimes.com/2008/1/1/archivelist/year-2008,month-1,starttime-43052.cms"
3105,3105,"https://timesofindia.indiatimes.com/2008/1/1/archivelist/year-2008,month-1,starttime-43053.cms"
3106,3106,"https://timesofindia.indiatimes.com/2008/1/1/archivelist/year-2008,month-1,starttime-43054.cms"
3107,3107,"https://timesofindia.indiatimes.com/2008/1/1/archivelist/year-2008,month-1,starttime-43055.cms"
3108,3108,"https://timesofindia.indiatimes.com/2008/1/1/archivelist/year-2008,month-1,starttime-43056.cms"
3109,3109,"https://timesofindia.indiatimes.com/2008/1/1/archivelist/year-2008,month-1,starttime-43057.cms"
3110,3110,"https://timesofindia.indiatimes.com/2008/1/1/archivelist/year-2008,month-1,starttime-43058.cms"
3111,3111,"https://timesofindia.indiatimes.com/2008/1/1/archivelist/year-2008,month-1,starttime-43059.cms"
3112,3112,"https://timesofindia.indiatimes.com/2008/1/1/archivelist/year-2008,month-1,starttime-43060.cms"
3113,3113,"https://timesofindia.indiatimes.com/2008/1/1/archivelist/year-2008,month-1,starttime-43061.cms"
3114,3114,"https://timesofindia.indiatimes.com/2008/1/1/archivelist/year-2008,month-1,starttime-43062.cms"
3115,3115,"https://timesofindia.indiatimes.com/2008/1/1/archivelist/year-2008,month-1,starttime-43063.cms"
3116,3116,"https://timesofindia.indiatimes.com/2008/1/1/archivelist/year-2008,month-1,starttime-43064.cms"
3117,3117,"https://timesofindia.indiatimes.com/2008/1/1/archivelist/year-2008,month-1,starttime-43065.cms"
3118,3118,"https://timesofindia.indiatimes.com/2008/1/1/archivelist/year-2008,month-1,starttime-43066.cms"
3119,3119,"https://timesofindia.indiatimes.com/2008/1/1/archivelist/year-2008,month-1,starttime-43067.cms"
3120,3120,"https://timesofindia.indiatimes.com/2008/1/1/archivelist/year-2008,month-1,starttime-43068.cms"
3121,3121,"https://timesofindia.indiatimes.com/2008/1/1/archivelist/year-2008,month-1,starttime-43069.cms"
3122,3122,"https://timesofindia.indiatimes.com/2008/1/1/archivelist/year-2008,month-1,starttime-43070.cms"
3123,3123,"https://timesofindia.indiatimes.com/2008/1/1/archivelist/year-2008,month-1,starttime-43071.cms"
3124,3124,"https://timesofindia.indiatimes.com/2008/1/1/archivelist/year-2008,month-1,starttime-43072.cms"
3125,3125,"https://timesofindia.indiatimes.com/2008/1/1/archivelist/year-2008,month-1,starttime-43073.cms"
3126,3126,"https://timesofindia.indiatimes.com/2008/1/1/archivelist/year-2008,month-1,starttime-43074.cms"
3127,3127,"https://timesofindia.indiatimes.com/2008/1/1/archivelist/year-2008,month-1,starttime-43075.cms"
3128,3128,"https://timesofindia.indiatimes.com/2008/1/1/archivelist/year-2008,month-1,starttime-43076.cms"
3129,3129,"https://timesofindia.indiatimes.com/2008/1/1/archivelist/year-2008,month-1,starttime-43077.cms"
3130,3130,"https://timesofindia.indiatimes.com/2008/1/1/archivelist/year-2008,month-1,starttime-43078.cms"
3131,3131,"https://timesofindia.indiatimes.com/2008/1/1/archivelist/year-2008,month-1,starttime-43079.cms"
3132,3132,"https://timesofindia.indiatimes.com/2008/1/1/archivelist/year-2008,month-1,starttime-43080.cms"
3133,3133,"https://timesofindia.indiatimes.com/2008/1/1/archivelist/year-2008,month-1,starttime-43081.cms"
3134,3134,"https://timesofindia.indiatimes.com/2008/1/1/archivelist/year-2008,month-1,starttime-43082.cms"
3135,3135,"https://timesofindia.indiatimes.com/2008/1/1/archivelist/year-2008,month-1,starttime-43083.cms"
3136,3136,"https://timesofindia.indiatimes.com/2008/1/1/archivelist/year-2008,month-1,starttime-43084.cms"
3137,3137,"https://timesofindia.indiatimes.com/2008/1/1/archivelist/year-2008,month-1,starttime-43085.cms"
3138,3138,"https://timesofindia.indiatimes.com/2008/1/1/archivelist/year-2008,month-1,starttime-43086.cms"
3139,3139,"https://timesofindia.indiatimes.com/2008/1/1/archivelist/year-2008,month-1,starttime-43087.cms"
3140,3140,"https://timesofindia.indiatimes.com/2008/1/1/archivelist/year-2008,month-1,starttime-43088.cms"
3141,3141,"https://timesofindia.indiatimes.com/2008/1/1/archivelist/year-2008,month-1,starttime-43089.cms"
3142,3142,"https://timesofindia.indiatimes.com/2008/1/1/archivelist/year-2008,month-1,starttime-43090.cms"
3143,3143,"https://timesofindia.indiatimes.com/2008/1/1/archivelist/year-2008,month-1,starttime-43091.cms"
3144,3144,"https://timesofindia.indiatimes.com/2008/1/1/archivelist/year-2008,month-1,starttime-43092.cms"
3145,3145,"https://timesofindia.indiatimes.com/2008/1/1/archivelist/year-2008,month-1,starttime-43093.cms"
3146,3146,"https://timesofindia.indiatimes.com/2008/1/1/archivelist/year-2008,month-1,starttime-43094.cms"
3147,3147,"https://timesofindia.indiatimes.com/2008/1/1/archivelist/year-2008,month-1,starttime-43095.cms"
3148,3148,"https://timesofindia.indiatimes.com/2008/1/1/archivelist/year-2008,month-1,starttime-43096.cms"
3149,3149,"https://timesofindia.indiatimes.com/2008/1/1/archivelist/year-2008,month-1,starttime-43097.cms"
3150,3150,"https://timesofindia.indiatimes.com/2008/1/1/archivelist/year-2008,month-1,starttime-43098.cms"
3151,3151,"https://timesofindia.indiatimes.com/2008/1/1/archivelist/year-2008,month-1,starttime-43099.cms"
3152,3152,"https://timesofindia.indiatimes.com/2008/1/1/archivelist/year-2008,month-1,starttime-43100.cms"
3153,3153,"https://timesofindia.indiatimes.com/2008/1/1/archivelist/year-2008,month-1,starttime-43101.cms"
3154,3154,"https://timesofindia.indiatimes.com/2008/1/1/archivelist/year-2008,month-1,starttime-43102.cms"
3155,3155,"https://timesofindia.indiatimes.com/2008/1/1/archivelist/year-2008,month-1,starttime-43103.cms"
3156,3156,"https://timesofindia.indiatimes.com/2008/1/1/archivelist/year-2008,month-1,starttime-43104.cms"
3157,3157,"https://timesofindia.indiatimes.com/2008/1/1/archivelist/year-2008,month-1,starttime-43105.cms"
3158,3158,"https://timesofindia.indiatimes.com/2008/1/1/archivelist/year-2008,month-1,starttime-43106.cms"
3159,3159,"https://timesofindia.indiatimes.com/2008/1/1/archivelist/year-2008,month-1,starttime-43107.cms"
3160,3160,"https://timesofindia.indiatimes.com/2008/1/1/archivelist/year-2008,month-1,starttime-43108.cms"
3161,3161,"https://timesofindia.indiatimes.com/2008/1/1/archivelist/year-2008,month-1,starttime-43109.cms"
3162,3162,"https://timesofindia.indiatimes.com/2008/1/1/archivelist/year-2008,month-1,starttime-43110.cms"
3163,3163,"https://timesofindia.indiatimes.com/2008/1/1/archivelist/year-2008,month-1,starttime-43111.cms"
3164,3164,"https://timesofindia.indiatimes.com/2008/1/1/archivelist/year-2008,month-1,starttime-43112.cms"
3165,3165,"https://timesofindia.indiatimes.com/2008/1/1/archivelist/year-2008,month-1,starttime-43113.cms"
3166,3166,"https://timesofindia.indiatimes.com/2008/1/1/archivelist/year-2008,month-1,starttime-43114.cms"
3167,3167,"https://timesofindia.indiatimes.com/2008/1/1/archivelist/year-2008,month-1,starttime-43115.cms"
3168,3168,"https://timesofindia.indiatimes.com/2008/1/1/archivelist/year-2008,month-1,starttime-43116.cms"
3169,3169,"https://timesofindia.indiatimes.com/2008/1/1/archivelist/year-2008,month-1,starttime-43117.cms"
3170,3170,"https://timesofindia.indiatimes.com/2008/1/1/archivelist/year-2008,month-1,starttime-43118.cms"
3171,3171,"https://timesofindia.indiatimes.com/2008/1/1/archivelist/year-2008,month-1,starttime-43119.cms"
3172,3172,"https://timesofindia.indiatimes.com/2008/1/1/archivelist/year-2008,month-1,starttime-43120.cms"
3173,3173,"https://timesofindia.indiatimes.com/2008/1/1/archivelist/year-2008,month-1,starttime-43121.cms"
3174,3174,"https://timesofindia.indiatimes.com/2008/1/1/archivelist/year-2008,month-1,starttime-43122.cms"
3175,3175,"https://timesofindia.indiatimes.com/2008/1/1/archivelist/year-2008,month-1,starttime-43123.cms"
3176,3176,"https://timesofindia.indiatimes.com/2008/1/1/archivelist/year-2008,month-1,starttime-43124.cms"
3177,3177,"https://timesofindia.indiatimes.com/2008/1/1/archivelist/year-2008,month-1,starttime-43125.cms"
3178,3178,"https://timesofindia.indiatimes.com/2008/1/1/archivelist/year-2008,month-1,starttime-43126.cms"
3179,3179,"https://timesofindia.indiatimes.com/2008/1/1/archivelist/year-2008,month-1,starttime-43127.cms"
3180,3180,"https://timesofindia.indiatimes.com/2008/1/1/archivelist/year-2008,month-1,starttime-43128.cms"
3181,3181,"https://timesofindia.indiatimes.com/2008/1/1/archivelist/year-2008,month-1,starttime-43129.cms"
3182,3182,"https://timesofindia.indiatimes.com/2008/1/1/archivelist/year-2008,month-1,starttime-43130.cms"
3183,3183,"https://timesofindia.indiatimes.com/2008/1/1/archivelist/year-2008,month-1,starttime-43131.cms"
3184,3184,"https://timesofindia.indiatimes.com/2008/1/1/archivelist/year-2008,month-1,starttime-43132.cms"
3185,3185,"https://timesofindia.indiatimes.com/2008/1/1/archivelist/year-2008,month-1,starttime-43133.cms"
3186,3186,"https://timesofindia.indiatimes.com/2008/1/1/archivelist/year-2008,month-1,starttime-43134.cms"
3187,3187,"https://timesofindia.indiatimes.com/2008/1/1/archivelist/year-2008,month-1,starttime-43135.cms"
3188,3188,"https://timesofindia.indiatimes.com/2008/1/1/archivelist/year-2008,month-1,starttime-43136.cms"
3189,3189,"https://timesofindia.indiatimes.com/2008/1/1/archivelist/year-2008,month-1,starttime-43137.cms"
3190,3190,"https://timesofindia.indiatimes.com/2008/1/1/archivelist/year-2008,month-1,starttime-43138.cms"
3191,3191,"https://timesofindia.indiatimes.com/2008/1/1/archivelist/year-2008,month-1,starttime-43139.cms"
3192,3192,"https://timesofindia.indiatimes.com/2008/1/1/archivelist/year-2008,month-1,starttime-43140.cms"
3193,3193,"https://timesofindia.indiatimes.com/2008/1/1/archivelist/year-2008,month-1,starttime-43141.cms"
3194,3194,"https://timesofindia.indiatimes.com/2008/1/1/archivelist/year-2008,month-1,starttime-43142.cms"
3195,3195,"https://timesofindia.indiatimes.com/2008/1/1/archivelist/year-2008,month-1,starttime-43143.cms"
3196,3196,"https://timesofindia.indiatimes.com/2008/1/1/archivelist/year-2008,month-1,starttime-43144.cms"
3197,3197,"https://timesofindia.indiatimes.com/2008/1/1/archivelist/year-2008,month-1,starttime-43145.cms"
3198,3198,"https://timesofindia.indiatimes.com/2008/1/1/archivelist/year-2008,month-1,starttime-43146.cms"
3199,3199,"https://timesofindia.indiatimes.com/2008/1/1/archivelist/year-2008,month-1,starttime-43147.cms"
